code,name,barcode,unit,is_active,sale_price,ncm
1,MASSA CONCHIGLIONE,1,KG,0,16.9,19022000
2,MASSA RONDELE,2,KG,0,15.9,19022000
3,ABOBRINHA AO FORNO,3,KG,0,30.9,20049000
4,TOMATE SECO,4,KG,0,56.5,20021000
5,BERINJELA SECA,5,KG,0,42,20049000
6,ANTEPASTO DE BERINJELA,6,KG,0,29.9,20049000
7,SARDELA,7,KG,0,41.9,16041310
8,MAIONESE,8,KG,0,22.9,21039011
9,SALPICAO,9,KG,0,24.5,16023200
10,DIVERSOS,10,UN,0,1,19021900
11,MASSA LASANHA,11,KG,0,11.9,19022000
12,SUSPIRO,12,UN,0,7,17049090
13,SOBREMESAS,13,UN,0,1,
14,SALGADOS,14,UN,0,12,19059090
15,JORNAL,15,UN,0,3.5,49029000
16,TALHARIM BRANCO,16,KG,0,17,19022000
17,TALHARIM COM BROCOLIS,17,KG,0,24.9,19022000
18,CUSCUZ DE SARDINHA,18,KG,0,26.5,19022000
19,CUSCUZ DE FRANGO,19,KG,0,24.5,19022000
20,MASSA SIMPLES CONGELADA PROMOCAO,20,KG,0,15.95,19022000
21,MOLHO TOMATE AO SUGO,21,KG,0,17.9,21032010
22,MOLHO TOMATE BOLONHESA,22,KG,0,22.9,21032010
23,MOLHO BRANCO,23,KG,0,14.9,21039091
24,MOLHO BRANCO GORGONZOLA,24,KG,0,17.9,21039091
25,MOLHO PESTO,25,KG,0,47.9,21032090
26,MOLHO POMODORO,26,KG,0,19.9,21032010
27,TALHARIM INTEGRAL,27,KG,0,17.9,19022000
28,TALHARIM DE ESPINAFRE,28,KG,0,17.9,19022000
29,PANQUECA DE PALMITO CREMOSO,29,KG,0,38.9,19023000
30,PANQUECA DE CARNE,30,KG,0,42,19023000
31,PANQUECA PRES MUSSA,31,KG,0,38.9,19023000
32,PANQUECA QUATRO QUEIJOS,32,KG,0,38.9,19023000
33,PANQUECA DE FRANGO,33,KG,0,38.9,19023000
34,MASSA DE PANQUECA,34,KG,0,24.9,19023000
35,PANQUECA FRANGO C/  PALMITO,35,KG,0,38.9,19022000
36,PANQUECA RIC C/ ESPINAFRE,36,KG,0,38.9,19023000
37,PANQUECA CALABRESA MUSSARELA,37,KG,0,38.9,19023000
38,PANQUECA DE FRANGO CREMOSO,38,KG,0,38.9,19023000
39,PUDIM DA CASA,39,KG,0,26.9,21069021
40,COUVE REFOGADA,40,KG,0,28.9,20055900
41,FEIJAO,41,KG,0,17,19049000
42,ARROZ,42,KG,0,17,19049000
43,CREME DE MILHO,43,KG,0,30.5,21042000
44,BOLO SALGADO,44,KG,0,31,19059090
45,PARMESAO RALADO,45,KG,0,58,4069010
46,CALDO,46,KG,0,23.9,21041021
47,MOLHO TRES QUEIJOS,47,KG,0,17.9,21039091
48,FAROFA DOCE,48,KG,0,31.9,19022000
49,FAROFA SALGADA,49,KG,0,31.9,19022000
50,ALMONDEGA,50,KG,0,43.9,16021000
51,LAGARTO FATIADO,51,KG,0,64.9,16021000
52,DOBRADINHA,52,KG,0,43.9,16021000
53,FRANGO ASSADO COM FAROFA E LEGUMES,53,KG,0,27,16021000
54,LOMBO FATIADO C/ LEGUMES,54,KG,0,47.5,16021000
55,ROCAMBOLE COM  LEGUMES,55,KG,0,48.9,16021000
56,PERNIL COM LEGUMES,56,KG,0,47.5,16021000
57,COSTELINHA SUINA C/ LEGUMES,57,KG,0,53.5,16021000
58,PALETA C/ MOLHO E LEGUMES,58,KG,0,61.9,16021000
59,FEIJOADA,59,KG,0,34.9,19022000
60,BIFE A ROLE,60,KG,0,48.9,16021000
61,PEITO DE FRANGO C/ MOLHO E LEGUMES,61,KG,0,39.9,16021000
62,TENDER COM LEGUMES,62,KG,0,47.5,16021000
63,PERU,63,KG,0,46.5,16021000
64,ENR FILE MIGNON C/ MOLHO E LEGUMES,64,KG,0,89.9,16021000
65,BACALHOADA,65,KG,0,65,19022000
66,FILE BOVINO PARMEGIANA,66,KG,0,45.9,16021000
67,FILE FRANGO PARMEGIANA,67,KG,0,40.9,16021000
68,FILE MERLUZA PARMEGIANA,68,KG,0,40.9,19022000
69,ESCONDIDINHO CARNE SECA,69,KG,0,35.9,19022000
70,CARNE LOUCA BOVINA,70,KG,0,48.9,16021000
71,CARNE LOUCA SUINA,71,KG,0,36.9,16021000
72,ESCONDIDINHO DE BACALHAU,72,KG,0,45.9,19022000
73,ESCONDIDINHO DE FRANGO,73,KG,0,31.9,19022000
74,CHESTER,74,KG,0,44.8,19022000
75,TENDER BOLINHA,75,KG,0,72.5,19022000
76,FILE DE FRANGO GRELHADO,76,KG,0,40.9,19022000
77,LOMBO RECHEADO C/ LEGUMES,77,KG,0,47.5,16021000
78,TALHARIM DE BETERRABA,78,KG,0,17.9,19022000
79,TALHARIM DE CENOURA,79,KG,0,17.9,19022000
80,ENROLADINHO QUEIJO TOMATE SECO,80,KG,0,51.9,
81,MOLHO PARISIENSE,81,KG,0,19.9,
82,MOLHO CALABRESA,82,KG,0,19.9,
83,COXA E SOBRECOXA ASSADAS,83,KG,0,23,
84,PEIXE ASSADO,84,KG,0,60,
85,SALADA DE BACALHAU,85,KG,0,49.9,
86,RABADA,86,KG,0,60,
87,LINGUA,87,KG,0,41.9,
88,ESPAGUETE COM ALMONDEGAS,88,KG,0,39.9,
89,PEIXE AO LEITE DE COCO,89,KG,0,39.9,
90,MERLUZA A PORTUGUESA,90,KG,0,49.9,
91,BATATONESE,91,KG,0,22.9,
92,CHARUTO,92,KG,0,35.9,
93,FEIJAO TROPEIRO,93,KG,0,34.9,
94,TOMATE CONFIT,94,KG,0,49.9,
95,MOLHO FUNGHI,95,KG,0,19.9,
96,MACARRAO DE CALABRESA,96,KG,0,19.9,
97,MACARRAO DE FUNGHI,97,KG,0,19.9,
98,FAROFA PROTEINA DE SOJA,98,KG,0,29.5,
99,MACARRAO DE MANJERICAO,99,KG,0,19.9,
100,CANELONE RIC ESPINAFRE,100,KG,0,31.9,19022000
101,CANELONE PRESUNTO E MUCARELA,101,KG,0,31.9,19022000
102,CANELONE QUATRO QUEIJOS,102,KG,0,31.9,19022000
103,CANELONE FRANGO MUCARELA REQ,103,KG,0,31.9,19022000
104,CANELONE 4Q TOMATE SECO,104,KG,0,31.9,19022000
105,CANELONE 4Q ESPINAFRE,105,KG,0,31.9,
106,CANELONE 4Q AZEIT PRETA,106,KG,0,31.9,19022000
107,CANELONE PIZZA,107,KG,0,31.9,19022000
108,CANELONE RICOTA,108,KG,0,31.9,19022000
109,CANELONE RIC NOZ UVAS PASSAS,109,KG,0,39.9,19022000
110,CANELONE RIC TOMATE SECO,110,KG,0,31.9,19022000
111,CANELONE RIC NOZES,111,KG,0,39.9,19022000
112,CANELONE ABOBORA CARNE SECA,112,KG,0,39.9,19022000
113,CANELONE RIC AZEIT PRETA,113,KG,0,31.9,19022000
114,CANELONE PRES ABCX MUCARELA,114,KG,0,39.9,19022000
115,CANELONE 4Q NOZES,115,KG,0,39.9,19022000
116,CAN BRIE DAMASCO RICOTA,116,KG,0,39.9,19022000
117,CANELONE C CHEESE PEITO DE PERU,117,KG,0,39.9,19022000
118,CANELONE CREAM CHEESE,118,KG,0,39.9,19022000
119,CANELONE 4Q NOZ UVAS PASSAS,119,KG,0,39.9,19022000
120,CANELONE ABOBORA,120,KG,0,31.9,19022000
149,MASSA ESPECIAL CONGELADA PROMOCAO,149,KG,0,33.9,
150,MASSA RECHEIO SIMPLES COM MOLHO,150,KG,0,29.9,19022000
151,MASSA RECHEIO ESPECIAL COM MOLHO,151,KG,0,33.9,19022000
152,PANQUECA COM MOLHO,152,KG,0,32.9,19022000
153,PELMENI CARNE TOMATE CONFIT.,153,UN,0,29.9,19022000
154,PELMENI QUEIJO TOMATE CONFIT,154,UN,0,26.9,
201,LASANHA PRESUNTO E MUCARELA,201,KG,0,31.9,19022000
202,LASANHA QUATRO QUEIJOS,202,KG,0,31.9,19022000
203,LASANHA FRANGO MUCARELA REQ,203,KG,0,31.9,19022000
204,LASANHA ESCAROLA TOMATE SECO,204,KG,0,31.9,19022000
205,LASANHA ESPINAFRE,205,KG,0,31.9,19022000
206,LASANHA BOLONHESA,206,KG,0,31.9,19022000
207,LASANHA ABOBORA CARNE SECA,207,KG,0,32.9,19022000
208,LASANHA BACALHAU,208,KG,0,42.9,19022000
209,LASANHA BOLONHESA COMPLETA,209,KG,0,31.9,19022000
250,CALDO DE MANDIOCA,250,KG,0,0,
300,RONDELE RIC ESPINAFRE,300,KG,0,31.9,19022000
301,RONDELE PRESUNTO E MUCARELA,301,KG,0,31.9,19022000
302,RONDELE QUATRO QUEIJOS,302,KG,0,31.9,19022000
303,RONDELE FRANGO MUCARELA REQ,303,KG,0,31.9,19022000
304,RONDELE 4Q TOMATE SECO,304,KG,0,31.9,19022000
305,RONDELE 4Q ESPINAFRE,305,KG,0,31.9,19022000
306,RONDELE 4Q AZEIT PRETA,306,KG,0,31.9,19022000
307,RONDELE PIZZA,307,KG,0,31.9,19022000
308,RONDELE RICOTA,308,KG,0,31.9,19022000
309,RONDELE RIC NOZ UVAS PASSAS,309,KG,0,39.9,19022000
310,RONDELE RIC TOMATE SECO,310,KG,0,31.9,19022000
311,RONDELE RIC NOZES,311,KG,0,39.9,19022000
313,RONDELE RIC AZEIT PRETA,313,KG,0,31.9,19022000
314,RONDELE PRES ABCX RIC,314,KG,0,39.9,19022000
315,RONDELE 4Q NOZES,315,KG,0,39.9,19022000
316,RONDELE RECHEIO ESPECIAL,316,KG,0,39.9,19022000
319,RONDELE 4Q NOZ UVAS PASSAS,319,KG,0,39.9,19022000
400,SOFIATELLI RIC ESPINAFRE,400,KG,0,31.9,19022000
401,SOFIATELLI PRESUNTO E MUCARELA,401,KG,0,31.9,19022000
402,SOFIATELLI QUATRO QUEIJOS,402,KG,0,31.9,19022000
403,SOFIATELLI FRANGO MUCARELA REQ,403,KG,0,31.9,19022000
404,SOFIATELLI 4Q TOMATE SECO,404,KG,0,31.9,19022000
405,SOFIATELLI 4Q ESPINAFRE,405,KG,0,31.9,19022000
406,SOFIATELLI 4Q AZEIT PRETA,406,KG,0,31.9,19022000
407,SOFIATELLI PIZZA,407,KG,0,31.9,19022000
408,SOFIATELLI RICOTA,408,KG,0,31.9,19022000
409,SOFIATELLI RIC NOZ UVAS PASSAS,409,KG,0,39.9,19022000
410,SOFIATELLI RIC TOMATE SECO,410,KG,0,31.9,19022000
411,SOFIATELLI RIC NOZES,411,KG,0,39.9,19022000
412,SOFIATELLI ABOBORA CARNE SECA,412,KG,0,39.9,19022000
413,SOFIATELLI RIC AZEIT PRETA,413,KG,0,31.9,19022000
414,SOFIATELLI PRES ABCX MUCARELA,414,KG,0,39.9,19022000
415,SOFIATELLI 4Q NOZES,415,KG,0,39.9,19022000
416,SOFI BRIE DAMASCO RICOTA,416,KG,0,39.9,19022000
417,SOFIATELLI C CHEESE P PERU,417,KG,0,39.9,19022000
418,SOFIATELLI CREAM CHEESE,418,KG,0,39.9,19022000
419,SOFIATELLI 4Q NOZ UVAS PASSAS,419,KG,0,39.9,19022000
420,SOFIATELLI ABOBORA,420,KG,0,31.9,19022000
421,SOFIATELLI CREME DE GORGONZOLA,421,KG,0,39.9,
456,TALHARIM MOLHO PARISIENSE,456,KG,0,24.9,
457,TALHARIM A BOLONHESA,457,KG,0,24.9,
458,NHOQUE DE BATATA BOLONHESA,458,KG,0,22.9,19022000
459,NHOQUE DE BATATA AO SUGO,459,KG,0,17.9,19022000
460,NHOQUE MANDIOCA BOLONHESA,460,KG,0,24.9,19022000
461,NHOQUE MANDIOCA AO SUGO,461,KG,0,21.9,19022000
500,CONCHIGLIONE RIC ESPINAFRE,500,KG,0,31.9,19022000
501,CONCHIGLIONE PRESUNTO E MUSSARELA,501,KG,0,31.9,19022000
502,CONCHIGLIONE QUATRO QUEIJOS,502,KG,0,31.9,19022000
503,CONCHIGLIONE FRANGO MUSS REQ,503,KG,0,31.9,19022000
504,CONCHIGLIONE 4Q TOMATE SECO,504,KG,0,31.9,19022000
505,CONCHIGLIONE 4Q ESPINAFRE,505,KG,0,31.9,19022000
506,CONCHIGLIONE 4Q AZEIT PRETA,506,KG,0,31.9,19022000
507,CONCHIGLIONE PIZZA,507,KG,0,31.9,19022000
508,CONCHIGLIONE RICOTA,508,KG,0,31.9,19022000
509,CONCHIGLIONE RIC NOZ UVAS PASSAS,509,KG,0,39.9,19022000
510,CONCHIGLIONE RIC TOMATE SECO,510,KG,0,31.9,19022000
511,CONCHIGLIONE RIC NOZES,511,KG,0,39.9,19022000
512,CONCHIGLIONE ABOBORA CARNE SECA,512,KG,0,39.9,19022000
513,CONCHIGLIONE RIC AZEIT PRETA,513,KG,0,31.9,19022000
514,CONCHIGLIONE RIC PRES ABCX,514,KG,0,39.9,19022000
515,CONCHIGLIONE 4Q NOZES,515,KG,0,39.9,19022000
516,"CONCHIGLIONE BRIE, DAMASCO E RICOTA",516,KG,0,39.9,19022000
517,CONCHIGLIONE CREAM CHEESE PEITO DE PERU,517,KG,0,39.9,19022000
518,CONCHIGLIONE CREAM CHEESE,518,KG,0,39.9,19022000
519,CONCHIGLIONE 4Q NOZ UVAS PASSAS,519,KG,0,39.9,19022000
520,CONCHIGLIONE ABOBORA,520,KG,0,31.9,19022000
598,NHOQUE DE BATATA DOCE,598,KG,0,18.9,
599,NHOQUE DE MANDIOQUINHA,599,KG,0,18.9,
600,NHOQUE DE BATATA,600,KG,0,13.5,19022000
601,NHOQUE RECH PRES MUSS,601,KG,0,31.9,19022000
602,NHOQUE RECH 4 QUEIJOS,602,KG,0,31.9,19022000
603,NHOQUE DE MANDIOCA,603,KG,0,9.95,19022000
604,GELATINA COLORIDA,604,KG,0,29.9,21069021
605,PUDIM LEITE CONDENSADO,605,KG,0,26.9,21069021
606,STROGONOFF DE CHOCOLATE,606,KG,0,34.9,21069021
607,PUDIM CASA PEQ,607,UN,0,4.9,21069021
608,PUDIM LEITE COND PEQ,608,UN,0,4.9,21069021
609,BOLO DE MACA E NOZES,609,KG,0,27,19022000
610,PUDIM SORVETE PEQUENO,610,UN,0,4.9,21069021
611,PUDIM SORVETE,611,KG,0,33.9,21069021
612,BOLO DE NATAL,612,KG,0,32,
613,BRIGADEIRAO,613,KG,0,30,
614,BOLO CHARGE,614,KG,0,27,
615,BOLO STROG CHOCOLATE,615,KG,0,27,
616,BOLO CREME COM ABACAXI,616,KG,0,27,
617,PUDIM DE COCO FRUT VERM PEQUENO,617,UN,0,4.9,
618,PUDIM DE COCO FRUT VERMELHAS,618,KG,0,27.9,
619,BOLO DOCE LEITE AMEIXA,619,KG,0,27,
620,MANJAR,620,KG,0,23,
621,PAO CASEIRO,621,UN,0,6,
622,ROSQUINHA DE COCO,622,UN,0,7,
650,LATA COCA COLA,7.89E+16,UN,0,3.8,22021000
651,LATA COCA COLA ZERO,7.89E+16,UN,0,3.8,22021000
652,LATA FANTA LARANJA,7.89E+16,UN,0,3.8,
653,LATA GUARANA ANTARCTICA,7.89E+17,UN,0,3.8,
654,LATA SCHWEPPES CITRUS,7.89E+16,UN,0,3.8,22021000
655,LATA ITUBAINA RETRO,7.90E+17,UN,0,3,22021000
660,PET COCA COLA 2L,7.89E+16,UN,0,8.6,22021000
661,PET COCA COLA ZERO 2L,7.89E+16,UN,0,8.6,22021000
662,PET FANTA LARANJA 2L,662,UN,0,8.6,22021000
663,PET GUARANA ANTARCTICA 2L,7.89E+17,UN,0,8.6,22021000
664,"PET SCHWEPPES CITRUS 1,5L",7.89E+16,UN,0,6.6,22021000
665,PET ITUBAINA RETRO 2L,7.90E+17,UN,0,2.99,22021000
666,PET SCHIN LIMAO 2L,7.90E+17,UN,0,5.5,
667,PET SPRITE 2L,667,UN,0,8.6,
668,AGUA COM GAS,7.89E+16,UN,0,2.75,22011000
669,AGUA SEM GAS,7.89E+16,UN,0,2.25,22021000
701,TORTA DE FRANGO,701,KG,0,30.9,19023000
702,TORTA 4Q TOMATE SECO,702,KG,0,30.9,19023000
703,TORTA DE PALMITO,703,KG,0,30.9,19023000
704,TORTA DE CAMARAO,704,KG,0,43.9,19023000
705,TORTA DE BACALHAU,705,KG,0,40.9,19023000
706,TORTA INT PALMITO,706,KG,0,30.9,19023000
707,TORTA INT FRANGO,707,KG,0,30.9,19023000
708,QUICHE INT RIC BROCOLIS,708,KG,0,30.9,19023000
709,TORTA RICOTA COM BROCOLIS,709,KG,0,30.9,19023000
710,TORTA FRANGO COM PALMITO,710,KG,0,30.9,19023000
711,QUICHE RICOTA ESPINAFRE,711,KG,0,30.9,19023000
712,QUICHE RICOTA COM TOMATE SECO,712,KG,0,30.9,
713,QUICHE DE LEGUMES,713,KG,0,30.9,
714,QUICHE DE CAMARAO,714,KG,0,49.9,
715,TORTA PALMITO COM CAMARAO,715,KG,0,39.9,
716,TORTA X T,716,KG,0,30.9,
860,TORTEI ABOBORA,860,KG,0,38.9,19022000
861,TORTEI ABOBORA CARNE SECA,861,KG,0,38.9,19022000
867,CAPELETE RECHEIO ESPECIAL,867,KG,0,42.9,
870,PELMENI DE CARNE,870,KG,0,42.9,
872,PELMENI DE QUATRO QUEIJOS,872,KG,0,38.9,
880,CAPELETE CARNE,880,KG,0,38.9,19022000
882,CAPELETE 4 QUEIJOS,882,KG,0,38.9,19022000
883,CAPELETE FRANGO,883,KG,0,38.9,19022000
890,RAVIOLE CARNE,890,KG,0,38.9,19022000
891,RAVIOLE PRESUNTO E MUSSARELA,891,KG,0,38.9,19022000
892,RAVIOLE 4 QUEIJOS,892,KG,0,38.9,19022000
893,RAVIOLE FRANGO,893,KG,0,38.9,19022000
894,RAVIOLE RICOTA,894,KG,0,38.9,19022000
895,RAVIOLE RICOTA ESPINAFRE,895,KG,0,38.9,19022000
896,RAVIOLE RICOTA NOZES,896,KG,0,42.9,19022000
897,RAVIOLE RECHEIO ESPECIAL,897,KG,0,42.9,
901,APRESUNTADO FATIADO,901,KG,0,16,16024900
902,MUSSARELA FATIADA,902,KG,0,26,4061010
903,FRUTAS EM CALDA G,903,UN,0,8.5,
904,MOLHO MADEIRA,904,KG,0,19.9,
905,MOLHO AGRIDOCE,905,KG,0,19.9,
906,FRUTAS EM CALDA P,906,UN,0,6.5,
953,FRANGO ASSADO,953,UN,0,30,16021000
954,LOMBO,954,KG,0,52,16021000
955,ROCAMBOLE DE CARNE C/ MOLHO,955,KG,0,54.9,16021000
956,PERNIL,956,KG,0,52,16021000
957,COSTELINHA SUINA,957,KG,0,64.9,16021000
958,PALETA C/ MOLHO,958,KG,0,64.9,16021000
961,PEITO DE FRANGO C/ MOLHO,961,KG,0,41.9,16021000
962,TENDER,962,KG,0,52,16021000
964,ENR FILE MIGNON C/ MOLHO,964,KG,0,95,16021000
977,LOMBO RECHEADO,977,KG,0,52,16021000
978,AVE NATALINA,978,KG,0,39.9,
979,PERNIL COM OSSO.,979,KG,0,52,
1001,MASSA CONCHIGLIONE.,1001,KG,0,0,19022000
1002,MASSA RONDELE.,1002,KG,0,0,19022000
1003,ABOBRINHA AO FORNO.,1003,KG,0,0,19022000
1004,TOMATE SECO.,1004,KG,0,0,19022000
1005,BERINJELA SECA.,1005,KG,0,0,19022000
1006,ANTEPASTO DE BERINJELA.,1006,KG,0,0,19022000
1007,SARDELA.,1007,KG,0,0,19022000
1011,MASSA LASANHA.,1011,KG,0,0,19022000
1016,TALHARIM BRANCO.,1016,KG,0,0,19022000
1027,TALHARIM INTEGRAL.,1027,KG,0,0,19022000
1028,TALHARIM DE ESPINAFRE.,1028,KG,0,0,19022000
1029,PANQUECA DE PALMITO.,1029,KG,0,0,19022000
1030,PANQUECA DE CARNE.,1030,KG,0,0,19022000
1031,PANQUECA PRES MUSSA.,1031,KG,0,0,19022000
1032,PANQUECA QUATRO QUEIJOS.,1032,KG,0,0,19022000
1033,PANQUECA DE FRANGO.,1033,KG,0,0,19022000
1036,PANQUECA 4Q ESPINAFRE.,1036,KG,0,0,19022000
1037,PANQUECA 4Q TOM SEC.,1037,KG,0,0,19022000
1038,PANQUECA DE RICOTA.,1038,KG,0,0,19022000
1078,TALHARIM DE BETERRABA.,1078,KG,0,0,
1079,TALHARIM DE CENOURA.,1079,KG,0,0,
1100,CANELONE RIC ESPINAFRE.,1100,KG,0,0,19022000
1101,CANELONE PRESUNTO E MUSSARELA.,1101,KG,0,0,19022000
1102,CANELONE QUATRO QUEIJOS.,1102,KG,0,0,19022000
1103,CANELONE FRANGO MUSS REQ.,1103,KG,0,0,19022000
1104,CANELONE 4Q TOMATE SECO.,1104,KG,0,0,19022000
1105,CANELONE 4Q ESPINAFRE.,1105,KG,0,0,19022000
1106,CANELONE 4Q AZEIT PRETA.,1106,KG,0,0,19022000
1107,CANELONE PIZZA.,1107,KG,0,0,19022000
1108,CANELONE RICOTA.,1108,KG,0,0,19022000
1109,CANELONE RIC NOZ UVAS PASSAS.,1109,KG,0,0,19022000
1110,CANELONE RIC TOMATE SECO.,1110,KG,0,0,19022000
1111,CANELONE RIC NOZES.,1111,KG,0,0,19022000
1112,CANELONE ABOBORA CARNE SECA.,1112,KG,0,0,19022000
1113,CANELONE RIC AZEIT PRETA.,1113,KG,0,0,19022000
1114,CANELONE PRES ABCX RIC.,1114,KG,0,0,19022000
1115,CANELONE 4Q NOZES.,1115,KG,0,0,19022000
1116,CANELONE RECHEIO ESPECIAL.,1116,KG,0,0,19022000
1117,CANELONE CREAM CHEESE PEITO DE PERU.,1117,KG,0,0,19022000
1118,CANELONE CREAM CHEESE.,1118,KG,0,0,19022000
1119,CANELONE 4Q NOZ UVAS PASSAS.,1119,KG,0,0,19022000
1120,CANELONE ABOBORA.,1120,KG,0,0,19022000
1201,LASANHA PRESUNTO E MUSSARELA.,1201,KG,0,0,19022000
1202,LASANHA QUATRO QUEIJOS.,1202,KG,0,0,19022000
1203,LASANHA FRANGO MUSS REQ.,1203,KG,0,0,19022000
1204,LASANHA ESCAROLA TOMATE SECO.,1204,KG,0,0,19022000
1205,LASANHA ESPINAFRE.,1205,KG,0,0,19022000
1206,LASANHA BOLONHESA.,1206,KG,0,0,19022000
1207,LASANHA ABOBORA CARNE SECA.,1207,KG,0,0,19022000
1208,LASANHA BACALHAU.,1208,KG,0,0,19022000
1209,LASANHA BOLONHESA COMPLETA.,1209,KG,0,0,19022000
1300,RONDELE RIC ESPINAFRE.,1300,KG,0,0,19022000
1301,RONDELE PRESUNTO E MUSSARELA.,1301,KG,0,0,19022000
1302,RONDELE QUATRO QUEIJOS.,1302,KG,0,0,19022000
1303,RONDELE FRANGO MUSS REQ.,1303,KG,0,0,19022000
1304,RONDELE 4Q TOMATE SECO.,1304,KG,0,0,19022000
1305,RONDELE 4Q ESPINAFRE.,1305,KG,0,0,19022000
1306,RONDELE 4Q AZEIT PRETA.,1306,KG,0,0,19022000
1307,RONDELE PIZZA.,1307,KG,0,0,19022000
1308,RONDELE RICOTA.,1308,KG,0,0,19022000
1309,RONDELE RIC NOZ UVAS PASSAS.,1309,KG,0,0,19022000
1310,RONDELE RIC TOMATE SECO.,1310,KG,0,0,19022000
1311,RONDELE RIC NOZES.,1311,KG,0,0,19022000
1313,RONDELE RIC AZEIT PRETA.,1313,KG,0,0,19022000
1314,RONDELE PRES ABCX RIC.,1314,KG,0,0,19022000
1315,RONDELE 4Q NOZES.,1315,KG,0,0,19022000
1316,RONDELE RECHEIO ESPECIAL.,1316,KG,0,0,19022000
1319,RONDELE 4Q NOZ UVAS PASSAS.,1319,KG,0,0,19022000
1400,SOFIATELLI RIC ESPINAFRE.,1400,KG,0,0,19022000
1401,SOFIATELLI PRESUNTO E MUSSARELA.,1401,KG,0,0,19022000
1402,SOFIATELLI QUATRO QUEIJOS.,1402,KG,0,0,19022000
1403,SOFIATELLI FRANGO MUSS REQ.,1403,KG,0,0,19022000
1404,SOFIATELLI 4Q TOMATE SECO.,1404,KG,0,0,19022000
1405,SOFIATELLI 4Q ESPINAFRE.,1405,KG,0,0,19022000
1406,SOFIATELLI 4Q AZEIT PRETA.,1406,KG,0,0,19022000
1407,SOFIATELLI PIZZA.,1407,KG,0,0,19022000
1408,SOFIATELLI RICOTA.,1408,KG,0,0,19022000
1409,SOFIATELLI RIC NOZ UVAS PASSAS.,1409,KG,0,0,19022000
1410,SOFIATELLI RIC TOMATE SECO.,1410,KG,0,0,19022000
1411,SOFIATELLI RIC NOZES.,1411,KG,0,0,19022000
1412,SOFIATELLI ABOBORA CARNE SECA.,1412,KG,0,0,19022000
1413,SOFIATELLI RIC AZEIT PRETA.,1413,KG,0,0,19022000
1414,SOFIATELLI PRES ABCX RIC.,1414,KG,0,0,19022000
1415,SOFIATELLI 4Q NOZES.,1415,KG,0,0,19022000
1416,SOFIATELLI RECHEIO ESPECIAL.,1416,KG,0,0,19022000
1417,SOFIATELLI CREAM CHEESE PEITO DE PERU.,1417,KG,0,0,19022000
1418,SOFIATELLI CREAM CHEESE.,1418,KG,0,0,19022000
1419,SOFIATELLI 4Q NOZ UVAS PASSAS.,1419,KG,0,0,19022000
1420,SOFIATELLI ABOBORA.,1420,KG,0,0,19022000
1500,CONCHIGLIONE RIC ESPINAFRE.,1500,KG,0,0,19022000
1501,CONCHIGLIONE PRESUNTO E MUSSARELA.,1501,KG,0,0,19022000
1502,CONCHIGLIONE QUATRO QUEIJOS.,1502,KG,0,0,19022000
1503,CONCHIGLIONE FRANGO MUSS REQ.,1503,KG,0,0,19022000
1504,CONCHIGLIONE 4Q TOMATE SECO.,1504,KG,0,0,19022000
1505,CONCHIGLIONE 4Q ESPINAFRE.,1505,KG,0,0,19022000
1506,CONCHIGLIONE 4Q AZEIT PRETA.,1506,KG,0,0,19022000
1507,CONCHIGLIONE PIZZA.,1507,KG,0,0,19022000
1508,CONCHIGLIONE RICOTA.,1508,KG,0,0,19022000
1509,CONCHIGLIONE RIC NOZ UVAS PASSAS.,1509,KG,0,0,19022000
1510,CONCHIGLIONE RIC TOMATE SECO.,1510,KG,0,0,19022000
1511,CONCHIGLIONE RIC NOZES.,1511,KG,0,0,19022000
1512,CONCHIGLIONE ABOBORA CARNE SECA.,1512,KG,0,0,19022000
1513,CONCHIGLIONE RIC AZEIT PRETA.,1513,KG,0,0,19022000
1514,CONCHIGLIONE PRES ABCX RIC.,1514,KG,0,0,19022000
1515,CONCHIGLIONE 4Q NOZES.,1515,KG,0,0,19022000
1516,CONCHIGLIONE RECHEIO ESPECIAL.,1516,KG,0,0,19022000
1517,CONCHIGLIONE CREAM CHEESE PEITO DE PERU.,1517,KG,0,0,19022000
1518,CONCHIGLIONE CREAM CHEESE.,1518,KG,0,0,19022000
1519,CONCHIGLIONE 4Q NOZ UVAS PASSAS.,1519,KG,0,0,19022000
1520,CONCHIGLIONE ABOBORA.,1520,KG,0,0,19022000
1600,NHOQUE DE BATATA.,1600,KG,0,0,19022000
1601,NHOQUE RECH PRES MUSS.,1601,KG,0,0,19022000
1602,NHOQUE RECH 4 QUEIJOS.,1602,KG,0,0,19022000
1603,NHOQUE DE MANDIOCA.,1603,KG,0,0,19022000
1701,TORTA DE FRANGO.,1701,KG,0,0,19022000
1702,TORTA 4Q TOMATE SECO.,1702,KG,0,0,19022000
1703,TORTA DE PALMITO.,1703,KG,0,0,19022000
1704,TORTA DE CAMARAO.,1704,KG,0,0,19022000
1705,TORTA DE BACALHAU.,1705,KG,0,0,19022000
1706,TORTA INT PALMITO.,1706,KG,0,0,19022000
1707,TORTA INT FRANGO.,1707,KG,0,0,19022000
1708,TORTA INT 4Q BROCOLIS.,1708,KG,0,0,19022000
1709,TORTA 4Q BROCOLIS.,1709,KG,0,0,19022000
1710,TORTA INT 4 QUEIJOS.,1710,KG,0,0,19022000
1860,TORTEI ABOBORA.,1860,KG,0,0,19022000
1861,TORTEI ABOBORA CARNE SECA.,1861,KG,0,0,19022000
1870,PELMENI DE CARNE TOMATE CONFIT,1870,KG,0,31.9,
1872,PELMENI 4QUEIJOS TOMATE CONFIT,1872,KG,0,31.9,
1880,CAPELETE CARNE.,1880,KG,0,0,19022000
1882,CAPELETE 4 QUEIJOS.,1882,KG,0,0,19022000
1883,CAPELETE FRANGO.,1883,KG,0,0,19022000
1890,RAVIOLE CARNE.,1890,KG,0,0,19022000
1892,RAVIOLE 4 QUEIJOS.,1892,KG,0,0,19022000
1893,RAVIOLE FRANGO.,1893,KG,0,0,19022000
1894,RAVIOLE RICOTA.,1894,KG,0,0,19022000
1895,RAVIOLE RIC ESPINAFRE.,1895,KG,0,0,19022000
1896,RAVIOLE RIC NOZES.,1896,KG,0,0,19022000
2000,TORTA HOLANDESA GRANDE,2000,UN,0,41.9,19059090
2001,TORTA MORANGO GRANDE,2001,UN,0,41.9,19059090
2002,TORTA MORANGO PEQUENA,2002,UN,0,32.9,19059090
2003,TORTA LIMAO GRANDE,2003,UN,0,41.9,19059090
2004,TORTA KIT KAT PEQUENA,2004,UN,0,32.9,19059090
2005,POTE BOLACHA 400G,2005,UN,0,11,19059090
2006,TORTA KIT KAT GRANDE,2006,UN,0,41.9,19059090
2007,TORTA FERRERO ROCHER GRANDE,2007,UN,0,41.9,19059090
2008,TORTA HOLANDESA PEQUENA,2008,UN,0,32.9,19059090
2009,DOCES CASEIROS MISTO DE ABOBORA COM BATATA,7.51E+15,UN,1,5.5,19022000
2010,DOCES CASEIROS PE DE MOCA,7.51E+15,UN,1,5.5,19022000
2011,DOCES CASEIROS MISTO DE DOCE DE LEITE,7.51E+15,UN,1,5.5,19022000
2012,DOCES CASEIROS CANUDO COM DOCE DE LEITE,7.51E+15,UN,1,5.5,19022000
2013,BARQUINHAS FRITAS REBEQUI,7.90E+17,UN,0,7.5,19021900
2014,BARQUINHAS ASSADAS REBEQUI,7.90E+17,UN,0,8.1,19021900
2015,CANAPES FRITOS REBEQUI,7.90E+17,UN,0,8.6,19021900
2016,CANUDOS REBEQUI,7.90E+17,UN,0,8.1,19021900
2017,BANANINHA MARTINS 200G,7.90E+17,UN,1,4,20079990
2018,TORRADA VOVO JUMA,7.90E+17,UN,0,6,19022000
2019,CAROLINAS VOVO JUMA,7.90E+17,UN,0,3,19022000
2020,SUSPIRO PCT150G,7.90E+17,UN,0,5.2,17049090
2021,QUEIJO PARMESAO RALADO DINAPOLI,7.90E+17,UN,0,4.7,19022000
2022,POTE DOCE DE LEITE COM MORANGO,7.90E+17,UN,0,14.5,20079990
2023,POTE DOCE DE CIDRA RALADA,7.90E+17,UN,0,14.5,20079990
2024,POTE FONDANT DE LEITE CREMOSO,7.90E+17,UN,0,14.5,20079990
2025,POTE DOCE DE LEITE COM AMEIXA,7.90E+17,UN,0,14.5,20079990
2026,POTE DOCE DE LEITE COM MARACUJA,7.90E+17,UN,0,14.5,20079990
2027,POTE DOCE DE LEITE COM GRANULADO,2027,UN,0,14.5,20079990
2028,POTE DOCE DE LEITE COM AMORA,2028,UN,0,14.5,20079990
2029,POTE DOCE DE LEITE COM CHOCOLATE,7.90E+17,UN,0,14.5,20079990
2030,POTE DOCE DE LEITE COM GOIABADA,7.90E+17,UN,0,14.5,20079990
2031,POTE DOCE DE LARANJA EM CALDA,7.90E+17,UN,0,14.5,20079990
2032,POTE DOCE MAMAO EM CALDA,7.90E+17,UN,0,14.5,20079990
2033,POTE DOCE DE LEITE COM COCO,7.90E+17,UN,0,14.5,20079990
2034,POTE COCADA CREMOSA,7.90E+17,UN,0,14.5,20079990
2035,POTE COCADA CREMOSA COM MARACUJA,7.90E+17,UN,0,14.5,20079990
2036,POTE COCADA CREMOSA DIET,7.90E+17,UN,0,15,20079990
2037,POTE GOIABADA CREMOSA DIET,7.90E+17,UN,0,15,20079990
2038,POTE DOCE DE LEITE DIET,7.90E+17,UN,0,15,20079990
2039,POTE DOCE DE LEITE COM COCO DIET,7.90E+17,UN,0,15,20079990
2040,POTE DOCE DE LEITE COM AMEIXA DIET,7.90E+17,UN,0,15,20079990
2041,GELEIA DE FRAMBOESA TATITANIA,7.91E+17,UN,1,10.2,20079990
2042,GELEIA DE JABUTICABA TATITANIA,7.90E+17,UN,1,10.2,20079990
2043,GELEIA DE UVA DIET,7.90E+17,UN,1,11,20079990
2044,CERV ARTESANAL SINGLE TRAPPIST,7.90E+17,UN,1,18.2,19022000
2045,CERV ARTESANAL IPA,7.90E+17,UN,1,18.2,19022000
2046,CERV ARTESANAL DONA CIDRA,7.90E+17,UN,1,18.2,19022000
2047,CERV ARTESANAL DUBBEL,7.90E+17,UN,1,18.2,19022000
2048,CERV ARTESANAL MARIA FUMACA,7.90E+17,UN,1,18.2,19022000
2049,CERV ARTESANAL GINGER,7.90E+17,UN,1,18.2,19022000
2050,CERV ARTESANAL TRIPEL,7.90E+17,UN,1,18.2,19022000
2051,CERV ARTESANAL WITBIER,7.90E+17,UN,1,18.2,19022000
2052,CERV ARTESANAL WEIZEN,7.90E+17,UN,1,18.2,19022000
2053,CERV ARTESANAL A IMPERATRIZ,7.90E+17,UN,1,18.3,19022000
2054,CERV ARTESANAL PUMPKIN ALE,7.90E+17,UN,1,18.3,19022000
2055,CERV ARTESANAL LADY IN BLACK,7.90E+17,UN,1,18.3,19022000
2056,CERV ARTESANAL BLACK IPA,7.90E+17,UN,1,18.3,19022000
2057,CERV ARTESANAL STOUT,7.90E+17,UN,1,18.3,19022000
2058,SORVETE ANGELATTO CAIXA C/ 10UN,7.90E+16,UN,1,16,19022000
2059,SORVETE ANGELATTO 1LITRO DIVERSOS,7.90E+16,UN,1,15,19022000
2060,SORVETE ANGELATTO 2LITROS FLOCOS,7.90E+17,UN,1,21,19022000
2061,SORVETE ANGELATTO 2LITROS CREME,7.90E+17,UN,1,21,19022000
2062,SORVETE ANGELATTO 2LITROS MORANGO,7.90E+17,UN,1,21,19022000
2063,SORVETE ANGELATTO 2LITROS CHOCOLATE,7.90E+17,UN,1,21,19022000
2064,SORVETE ANGELATTO TORTA DE SORVETE,7.90E+16,UN,1,32.9,
2065,"KIBON CREMOSISSIMO NAPOLITANO1,5L",7.89E+17,UN,0,19.9,21050010
2067,KIBON CREMOSISSIMO NAPOLITANO ESPECIAL 2L,7.89E+17,UN,0,25.9,21050010
2068,"KIBON CREMOSISSIMO CHICABON BRANCO 1,5L",2068,UN,1,19.9,21050010
2069,"KIBON CREMOSISSIMO CHICABON 1,5L",7.89E+17,UN,0,19.9,21050010
2070,"KIBON CREMOSISSIMO TENTACAO 1,5L",7.89E+17,UN,0,19.9,21050010
2071,KIBON MOUSSE LIMAO,7.89E+17,UN,0,16.9,21050010
2072,KIBON MOUSSE CHOCOLATE,7.89E+17,UN,0,16.9,21050010
2073,KIBON MOUSSE MARACUJA,7.89E+17,UN,0,16.9,21050010
2074,KIBON MAGNUM BRANCO,7.89E+17,UN,0,9.5,21050010
2075,KIBON MAGNUM CLASSICO,7.89E+17,UN,0,9.5,19022000
2076,KIBON MAGNUM AMENDOAS,7.89E+17,UN,0,8.5,19022000
2077,KIBON MAGNUM COOKIES & CREAM,7.89E+17,UN,0,9.9,19022000
2078,KIBON MAGNUM PETIT GATEAU,7.89E+17,UN,0,9.9,21050010
2079,KIBON MAGNUM CREME BRULEE,7.89E+17,UN,0,9.5,19022000
2080,KIBON MAGNUM TARTE AUX POMMES,7.89E+17,UN,1,8.5,19022000
2081,KIBON BON MORANGO,7.89E+17,UN,0,4,21050010
2082,KIBON BON COCO,7.89E+17,UN,0,4,21050010
2083,KIBON FRUTTARE CASEIRO MORANGO,7.89E+17,UN,0,4,19022000
2084,KIBON ESKI-BON CARAMELO,7.89E+17,UN,0,6,19022000
2085,KIBON MAGNUM MORANGO COM CHANTILLY,7.89E+17,UN,0,9.9,19022000
2086,KIBON FRUTTARE MUITA FRUTA MORANGO,7.89E+17,UN,0,6,21050010
2087,KIBON FRUTTARE UVA,7.89E+17,UN,0,4,21050010
2088,KIBON FRUTTARE LIMAO,7.89E+17,UN,0,4,21050010
2089,KIBON FRUTTARE MUITA FRUTA MANGA,7.89E+17,UN,0,6,19022000
2090,KIBON FRUTTARE COCO,7.89E+17,UN,0,4.5,21050010
2091,KIBON CORNETTO BISCOITO,7.89E+17,UN,1,7.2,19022000
2092,KIBON CORNETTO CROCANTE,7.89E+17,UN,1,7.2,19022000
2093,KIBON CORNETTO CHOCOMIX,7.89E+17,UN,0,4.9,21050010
2094,KIBON TABLITO,7.89E+17,UN,0,6.5,21050010
2095,KIBON BRIGADEIRO,7.89E+17,UN,0,5.5,19022000
2096,KIBON ESKI-BON,7.89E+17,UN,0,5.5,21050010
2097,KIBON ZERO,7.89E+17,UN,0,5,19022000
2098,KIBON CHICABON,7.89E+17,UN,0,4.5,21050010
2099,KIBON MINI ESKI-BON,7.89E+17,UN,0,10.5,21050010
2100,KIBON MINI DOCE DE LEITE,7.89E+17,UN,0,10.5,21050010
2101,KIBON ESKI-BON CHOCOBAR,7.89E+17,UN,0,3,19022000
2102,KIBON FRUTA+CALDA,7.89E+17,UN,0,2.25,19022000
2103,KIBON CHICABONZINHO,7.89E+17,UN,0,2.5,21050010
2104,KIBON FRUTILLY,7.89E+17,UN,0,3,21050010
2105,KIBON MAGNUM CAPUCCINO,7.89E+17,UN,1,9.5,19022000
2106,NATVEG PATE NATURAL AZEITONA VERDE,7.89E+17,UN,1,7.5,19022000
2107,NATVEG PATE NATURAL AZEITONA PRETA,7.89E+17,UN,1,7.5,19022000
2108,NATVEG PATE NATURAL MANJERICAO,7.89E+17,UN,1,7.5,19022000
2109,NATVEG PATE NATURAL ALHO,2109,UN,1,7.5,19022000
2110,AROSA MASSA FOLHADA 1KG,7.90E+17,UN,0,25.9,19021900
2111,AROSA MASSA FOLHADA LAMINADA 300G,7.90E+17,UN,0,10.9,19021900
2112,AROSA MASSA FOLHADA SEMI LAMINADA 400G,2112,UN,0,10.9,19021900
2113,AROSA MASSA FOLHADA DISCO 12,7.90E+17,UN,0,25.9,19021900
2114,AROSA FOLHADO RECHEADO CHOCOLATE,7.90E+17,UN,1,18.9,19022000
2115,AROSA FOLHADO RECHEADO AMORA,7.90E+17,UN,1,22,19022000
2116,AROSA FOLHADO RECHEADO MACA,7.90E+17,UN,1,18.9,19022000
2117,POTE DOCE DE LEITE COM NOZES,7.90E+17,UN,0,14.5,20079990
2118,POTE GOIABADA CREMOSA,7.90E+17,UN,0,14.5,20079990
2119,POTE DOCE DE FIGO EM CALDA,7.90E+17,UN,0,14.5,20079990
2120,POTE DOCE DE ABOBORA CREMOSO,7.90E+17,UN,0,14.5,20079990
2121,DOCE DE ABOBORA CREMOSO COM COCO,7.90E+17,UN,0,14.5,20079990
2122,GELEIA DE FRAMBOESA DIET,7.90E+17,UN,1,11,20079990
2123,GELEIA DE AMORA DIET,7.90E+17,UN,1,11,20079990
2124,GELEIA DE JABUTICABA DIET,7.90E+17,UN,1,11,20079990
2125,DOCE DE CIDRA RALADA DIET 190G,7.90E+17,UN,0,11,20079990
2126,GELEIA DE FIGO TATITANIA,7.90E+17,UN,0,10.2,20079990
2127,TORTA LIMAO PEQUENA,2127,UN,0,32.9,19059090
2128,DOCES CASEIROS BOMBOM DE COCO,7.51E+15,UN,1,5.5,19022000
2129,A PIPOCA CARAMELIZADA,7.90E+17,UN,0,2.2,19041000
2130,BOM DA FAZENDA QUEIJO COM REQ E TOM SEC,7.90E+17,UN,0,31.9,19022000
2131,BOM DA FAZENDA QUEIJO COM REQ E AZEITONA,7.90E+17,UN,0,31.9,19022000
2132,BOM DA FAZENDA QUEIJO COM REQ SABOR CHEDDAR,7.90E+17,UN,0,30,19022000
2133,DOURADO QUEIJO MINAS PADRAO,2133,KG,0,40.6,19022000
2134,MARAMATA QUEIJO COM NUTELLA,2134,KG,1,39,19022000
2135,MARAMATA QUEIJO TRUFADO COM REQUEIJAO,2135,KG,0,37.5,19022000
2136,RIGONI QUEIJO TIPO MUSSARELA NOZINHO TEMPERADO,2136,UN,0,11.9,15079011
2137,RIGONI QUEIJO TIPO MUSSARELA PALITINHO TEMPERADO,2137,UN,0,11.9,19022000
2138,RIGONI QUEIJO TIPO MUSSARELA PALITINHO,2138,UN,0,11.9,19022000
2139,LA BRASA BABY ESFIHA CARNE,7.90E+17,UN,0,15.5,","
2140,LA BRASA BABY ESFIHA QUEIJO FRESCO,7.90E+17,UN,0,15.5,19022000
2141,LA BRASA BABY ESFIHA CALABRESA,7.90E+17,UN,0,15.5,19022000
2142,LA BRASA BABY ESFIHA FRANGO COM REQUEIJAO,7.90E+17,UN,0,15.5,19022000
2143,LA BRASA BABY CALZONE PRESUNTO,7.90E+17,UN,0,14.9,19022000
2144,LA BRASA BABY CALZONE FRANGO COM REQUEIJAO,7.90E+17,UN,0,14.9,19022000
2145,LA BRASA BABY CALZONE CALABRESA,7.90E+17,UN,0,14.9,19022000
2146,LA BRASA BABY CALZONE MILHO COM REQUEIJAO,7.90E+17,UN,0,14.9,19022000
2147,QUEIJO MINAS FRESCAL CHAVINHO,2147,UN,1,12,19022000
2148,LA BRASA ESFIHA APERITIVO SORTIDA,7.90E+17,UN,0,18.9,
2149,TORRADA INTEGRAL VOVO JUMA,78950245,UN,0,6.5,
2150,CHOC ARCOR TABLETE AMARGO 50G,7.90E+17,UN,1,3,18063210
2151,CHOC ARCOR TABLETE AO LEITE 50G,7.90E+17,UN,1,3,18063210
2152,BALA BIG BIG MORANGO,2152,UN,0,0.1,17041000
2153,CHOC ARCOR TABLETE MESCLADO 50G,7.90E+17,UN,1,3,18063210
2154,CHOC ARCOR TABLETE ROCKLETS,7.90E+17,UN,1,3,18063210
2155,CHOC ARCOR TABLETE TORTUGUITA AO LEITE CROCANTE 50G,7.90E+17,UN,1,3,18063210
2156,CHOC ARCOR TABLETE TORTUGUITA BRANCO COM COOKIES 50G,7.90E+17,UN,1,3,17049010
2157,CHOCOVINHOS TORTUGUITA 50G,7.90E+17,UN,0,2.99,18069000
2158,PACOCA AMOR ARCOR 18G,78920057,UN,0,1,20079990
2159,BALA DURA BUTTER TOFFEES DOCE DE LEITE C/8 UN.,77955128,UN,0,1.4,17049020
2160,BOCADITO BUTTER TOFFEES DOCE DE LEITE C/6 UN.,77955456,UN,0,1.4,17049020
2161,TORTUGUITA ARCOR AO LEITE 18G,77961419,UN,0,0.8,18069000
2162,TORTUGUITA ARCOR TRI SABOR 18G,78915145,UN,1,1.1,18069000
2163,TORTUGUITA ARCOR BRANCA 18G,77961860,UN,1,0.8,18069000
2164,CHOC ARCOR SNACK AO LEITE 26G,7.90E+17,UN,1,1,18063110
2165,CHOC ARCOR SNACK DUO 26G,7.90E+17,UN,1,1,18063110
2166,CHOC ARCOR ROCKLETS 40G,7.90E+17,UN,0,2,18069000
2167,CHOC ARCOR AMENDOIM 40G,7.90E+17,UN,1,2,18063110
2168,CHOC ARCOR CHOKKO AMENDOIM 60G,7.90E+17,UN,1,2.6,18063120
2169,CHOC ARCOR CHOKKO COOKIES 60G,7.90E+17,UN,1,2.6,18063120
2170,CHOC ARCOR AERADO AO LEITE 30G,7.90E+17,UN,1,1.7,18063210
2171,CHOC ARCOR AERADO DUO 30G,7.90E+17,UN,1,1.7,18063210
2172,CHOC ARCOR BON O BON BRIGADEIRO 15G,78931244,UN,1,0.7,19053200
2173,CHOC ARCOR BON O BON AMARGO 15G,78924888,UN,1,0.7,19053200
2174,CHOC ARCOR BON O BON BEIJINHO 15G,78931251,UN,1,0.7,19053200
2175,CHICLE TOPLINE TUTTI FRUTTI C/ 4 UN.,77916389,UN,1,0.8,21069050
2176,CHICLE TOPLINE MORANGO C/ 4 UN.,78913578,UN,1,0.8,21069050
2177,CHICLE HUEVITOS BIG BIG 25G,7.89E+17,UN,0,1.5,17041000
2178,CHICLE FLICS HORTELA CARTELA C/12 UN. 17G,7.89E+17,UN,1,1,17041000
2179,CHICLE FLICS TUTTI FRUTTI CARTELA C/12 UN. 17G,7.89E+17,UN,1,1,17041000
2180,BALA BIG BIG TUTTI FRUTTI,2180,UN,0,0.1,17041000
2181,BALA POOSH! MORANGO 5G,78928008,UN,0,0.15,17041000
2182,BALA POOSH! TUTTI FRUTTI 5G,78927988,UN,0,0.15,17049020
2183,BALA POOSH! INK 5G,78919365,UN,0,0.15,17041000
2184,BALA PLUTONITA BABA DE BRUXA 5G,2184,UN,0,0.2,17041000
2185,BALA PLUTONITA CABECA DE ABOBORA 5G,2185,UN,0,0.2,17041000
2186,BALA PLUTONITA DESAFIO PAISES 5G,2186,UN,1,0.2,17041000
2187,BALA BUTTER TOFFEES CHOCOLATE,2187,UN,0,0.2,18069000
2188,BALA BUTTER TOFFEES LEITE,2188,UN,0,0.2,17049020
2189,KIBON BUBBALOO,7.89E+17,UN,1,4,21050010
2190,KIBON CORNETTO CROCANTE 60G,7.89E+17,UN,0,3.9,21050010
2191,TORTA FERRERO ROCHER PEQUENA,2191,UN,0,32.9,19059090
2192,DOCE DE ABOBORA EM PEDACOS EM CALDA,7.90E+17,UN,0,14.5,20079990
2193,MASSA PARA PIZZA LOTT 240G,7.90E+17,UN,1,4.9,19059090
2194,NUTELLA 15G,80751151,UN,1,1.5,
2195,LATA DEL VALLE GOIABA 290ML,7.89E+16,UN,0,3.8,22029900
2196,LATA DEL VALLE UVA 290ML,7.89E+16,UN,0,3.8,22029900
2197,LATA DEL VALLE PESSEGO 290ML,7.89E+16,UN,0,3.8,22029900
2198,DEL VALLE ABACAXI 1L,7.90E+17,UN,0,6.99,
2199,DEL VALLE LARANJA 1L,7.90E+17,UN,0,6.99,22029900
2200,CANUDOS GULOSURA 260G,7.90E+17,UN,0,15.5,19022000
2201,CASA DAS TORTAS HOLANDESA 450G,7.90E+16,UN,0,25.5,19059090
2202,CASA DAS TORTAS LIMAO 450G,7.90E+16,UN,1,25.5,
2203,CASA DAS TORTAS MARACUJA 450G,7.90E+16,UN,1,25.5,
2204,CASA DAS TORTAS ALEMA 450G,7.90E+16,UN,0,25.5,19059090
2205,CASA DAS TORTAS C CAKE FRUT VERM 450G,7.90E+16,UN,1,25.5,
2206,CASA DAS TORTAS FERRERO 450G,7.90E+16,UN,0,25.5,19059090
2207,CASA DAS TORTAS CHOCOLATE 450G,7.90E+16,UN,0,25.5,
2208,CASA DAS TORTAS TENTACAO MINI,7.90E+16,UN,1,5.99,
2209,CASA DAS TORTAS MARACUJA MINI,7.90E+16,UN,1,5.99,19059090
2210,CASA DAS TORTAS CHOCOLATE MINI,7.90E+16,UN,1,5.99,
2211,CASA DAS TORTAS LIMAO MINI,7.90E+16,UN,1,5.99,19059090
2212,CASA DAS TORTAS ROMEU E JULIETA MINI,7.90E+16,UN,1,5.99,
2213,CASA DAS TORTAS BRIGADEIRO MINI,7.90E+16,UN,1,5.99,
2214,CASA DAS TORTAS ALEMA MINI,7.90E+16,UN,1,5.99,
2215,CASA DAS TORTAS HOLANDESA MINI,7.90E+16,UN,0,5.99,19059090
2216,CASA DAS TORTAS FLORESTA NEGRA MINI,7.90E+16,UN,0,5.99,19059090
2217,CASA DAS TORTAS TRUFA MINI,7.90E+16,UN,1,5.99,
2218,CHOC ARCOR AVELA,7.90E+17,UN,0,2,
2219,AGUA DE COCO 450ML,79019604509,UN,0,7.9,
2220,AGUA DE COCO 300ML,6.07E+15,UN,0,4.9,
2221,RIGONI QUEIJO TIPO MUSSARELA NOZINHO,2221,UN,0,11.9,
2222,BOM DA FAZENDA QUEIJO COM REQUEIJAO,7.90E+17,UN,0,31.9,
2223,MASSA PARA PASTEL LOTT 1K,7.90E+17,UN,1,9,
2224,MASSA PARA PASTEL LOTT 500G,7.90E+17,UN,1,4.9,
2225,CASA DAS TORTAS MOUSSE LIMAO,7.90E+16,UN,0,5.99,19059090
2226,CASA DAS TORTAS MOUSSE MARACUJA,7.90E+16,UN,0,5.99,
2227,CASA DAS TORTAS MOUSSE MESCLADO,7.90E+16,UN,0,5.99,19059090
2228,CASA DAS TORTAS FERRERO 1K,7.90E+16,UN,0,42.7,19059090
2229,CASA DAS TORTAS CREME TRUFADO 1KG,7.90E+16,UN,0,47.5,19059090
2230,CASA DAS TORTAS ALEMA 1K,7.90E+16,UN,0,42.7,19059090
2231,CASA DAS TORTAS LIMAO 1K,7.90E+16,UN,1,42.7,
2232,CASA DAS TORTAS HOLANDESA 1KG,7.90E+16,UN,0,47.5,19059090
2233,AMANDITA WAFER 200G,7.90E+17,UN,0,11.2,19053200
2234,CHOC LANCY LACTA 30G,7.90E+17,UN,1,2.25,19053200
2235,CHOC TOBLERONE 100G,7.61E+16,UN,0,10.5,18063210
2236,TRIDENT MENTA C/5 UN 8G,7.90E+16,UN,0,2,21069050
2237,TRIDENT MELANCIA C/5 UN 8G,7.90E+16,UN,0,2,21069050
2238,HALLS MELANCIA C/10 UN 34G,7.90E+16,UN,1,1,17049020
2239,TRIDENT HORTELA C/5 UN 8G,7.90E+16,UN,0,2,21069050
2240,HALLS EXTRA FORTE C/10 UN 34G,7.90E+16,UN,1,1,17049020
2241,TRIDENT CANELA C/5 UN 8G,7.90E+16,UN,1,2,21069050
2242,HALLS MORANGO C/10 UN 34G,7.90E+16,UN,1,1,17049020
2243,HALLS MENTA C/10 UN 34G,7.90E+16,UN,1,1,17049020
2244,HALLS CEREJA C/10 UN 34G,7.90E+16,UN,1,1,17049020
2245,HALLS MENTHOL C/10 UN 34G,7.90E+16,UN,1,1,17049020
2246,TRIDENT MORANGO C/5 UN 8G,7.90E+16,UN,0,2,21069050
2247,TRIDENT FRESH INTENSE C/5 UN 8G,7.90E+16,UN,0,2,21069050
2248,HALLS MENTA PRATA C/10 UN 34G,7.62E+16,UN,1,1,17049020
2249,TRIDENT FRESH CEREJA ICE C/5 UN 8G,7.62E+16,UN,0,2,21069050
2250,CHOC LAKA LACTA 20G,7.62E+16,UN,1,1.2,17049010
2251,CHOC DIAMANTE NEGRO LACTA 20G,7.62E+16,UN,1,1.2,18063210
2252,CHOC SHOT LACTA 20G,7.62E+16,UN,1,1.6,18063210
2253,CHOC LACTA AO LEITE 20G,7.62E+16,UN,1,1.2,18063210
2254,CHOC 5STAR LACTA 40G,7.62E+17,UN,1,2.2,18069000
2255,CHOC LAKA OREO LACTA 20G,7.62E+17,UN,1,1.2,18063220
2256,CHOC BIS XTRA OREO LACTA 45G,7.62E+16,UN,0,3.5,19053200
2257,CHOC BIS XTRA 45G,7.62E+16,UN,0,3.5,19053200
2258,TRIDENT MIX CANELA+HORTELA C/5 UN 8G,7.62E+17,UN,0,2,21069050
2259,BARQUETES GULOSURA 130G,7.90E+17,UN,0,6.7,
2260,CASA DAS TORTAS NOVA TENTACAO 1K,7.90E+16,UN,1,42.7,19059090
2261,CASA DAS TORTAS FLORESTA NEGRA 450G,2261,UN,0,25.5,19059090
2262,CASA DAS TORTAS BOLO DE BRIGADEIRO,7.90E+16,UN,1,42.7,19059090
2263,CASA DAS TORTAS BOLO DE PRESTIGIO,7.90E+16,UN,1,35,19059090
2264,CASA DAS TORTAS BOLO DE ABACAXI C/ DOCE DE LEITE,7.90E+16,UN,1,35,19059090
2265,LA BRASA BABY ESFIHA BROCOLIS C/ REQUEIJAO 275G,7.90E+17,UN,1,11.5,
2266,LA BRASA BABY ESFIHA STROGONOFF DE CARNE 330G,7.90E+17,UN,1,13.5,
2267,LA BRASA CALZONE APERITIVO CALABRESA C/ CEBOLA 270G,2267,UN,0,11.9,
2268,LA BRASA CALZONE APERITIVO PRESUNTO C/ REQUEIJAO 270G,2268,UN,0,11.9,
2269,LA BRASA CALZONE APERITIVO MILHO C/ REQUEIJAO 270G,2269,UN,0,11.9,
2270,LA BRASA CALZONE APERITIVO FRANGO C/ REQUEIJAO 270G,2270,UN,0,11.9,
2271,DEL VALLE PESSEGO 1L,7.90E+17,UN,0,6.99,22029900
2272,AGUA DE COCO 1000ML,79019610005,UN,0,14.9,
2273,ANGELATTO HOLANDESA MINI,2273,UN,1,5.99,
2274,ANGELATTO HOLANDESA GRANDE,2274,UN,1,42.5,
2275,ANGELATTO LIMAO MINI,2275,UN,1,8,
2276,ANGELATTO LIMAO GRANDE,2276,UN,1,36.5,
2277,ANGELATTO CHEESECAKE MINI,2277,UN,1,5.99,
2278,BALA BIG BIG UVA,2278,UN,0,0.1,17041000
2279,BALA POOSH! 4 SABORES 5G,78928060,UN,0,0.15,17041000
2280,BALA CHICLE POOSH! TUTTI FRUTTI,2280,UN,0,0.1,17049020
2281,CHOC ARCOR TORTUGUITA BRINQUEDO 18G,7.90E+17,UN,1,4.9,18069000
2282,TORTUGUITA ARCOR AERADO 14G,7.90E+17,UN,1,0.8,18069000
2283,TORTUGUITA ARCOR BRIGADEIRO 14G,78915671,UN,1,0.8,18069000
2284,CHICLE FLICS MORANGO CARTELA C/12 UN. 17G,7.89E+17,UN,1,1,17041000
2285,BUTTER TOFFEES CREME DE AVELA,2285,UN,0,0.2,
2286,COFFEE BEANS CAPUCCINO ZERO,7.90E+17,UN,0,1.9,9019000
2287,COFFEE BEANS ESPRESSO,7.90E+17,UN,0,1.5,9019000
2288,KINDER BUENO,80052760,UN,1,7,
2289,"BOMBOM SONHO DE VALSA 21,5G",78939301,UN,0,1,19053200
2290,"BOMBOM OURO BRANCO 21,5G",78939318,UN,0,1,19053200
2291,TORTA MOUSSE DE CHOCOLATE GRANDE,2291,UN,0,41.9,19059090
2292,TORTA SENSACAO GRANDE,2292,UN,0,41.9,19059090
2293,TORTA MOUSSE DE MORANGO GRANDE,2293,UN,0,41.9,19059090
2294,MARIA ROSA ENROLADINHO,2294,UN,1,14,
2295,MARIA ROSA MINI PIZZA CALABRESA,2295,UN,1,14,
2296,MARIA ROSA MINI PIZZA MUSSARELA,2296,UN,1,14,
2297,MARIA ROSA MINI PIZZA PRES MUSS,2297,UN,1,14,
2298,MARIA ROSA HAMBURGUER,2298,UN,1,14,
2299,MARIA ROSA SALSICHA,2299,UN,1,14,
2300,MARIA ROSA ESFIHA CARNE,2300,UN,1,14,
2301,MARIA ROSA ESFIHA CALABRESA,2301,UN,1,14,
2302,MARIA ROSA ESFIHA FRANGO,2302,UN,1,14,
2303,TORTA LIMAO COM CAROLINAS GRANDE,2303,UN,0,41.9,19059090
2304,TORTA LIMAO COM CAROLINAS PEQUENA,2304,UN,0,32.9,19059090
2305,TORTA NOZES COM GANACHE GRANDE,2305,UN,0,41.9,19059090
2306,TORTA NOZES COM GANACHE PEQUENA,2306,UN,0,32.9,19059090
2307,TORTA MOUSSE DE LIMAO GRANDE,2307,UN,0,41.9,19059090
2308,TORTA CHEESECAKE DE MORANGO PEQUENA,2308,UN,0,28.9,19059090
2309,FIGO EM CALDA DIET 400G,7.90E+17,UN,0,15,20079990
2310,GELEIA DE MORANGO DIET,7.90E+17,UN,1,11,20079990
2311,GELEIA DE DAMASCO DIET,7.90E+17,UN,1,11,20079990
2312,TORTA NINHO COM NUTELLA PEQUENA,2312,UN,0,32.9,19059090
2313,CASA DAS TORTAS BOLO DE NINHO TRUFADO,2313,UN,0,35,
2314,CASA DAS TORTAS BOLO DE CHOCOLATE,7.90E+16,UN,1,35,
2315,LACTOPAR QUEIJO MINAS PADRAO,2315,KG,1,39,
2316,TORTA DE MARACUJA PEQUENA,2316,UN,0,28.9,19059090
2317,TORTA DE MACA PEQUENA,2317,UN,0,32.9,19059090
2318,QUEIJO COALHO LACTOPAR,2318,KG,1,31.9,4069020
2319,ANGELATTO HUNGARA MINI,2319,UN,1,7.3,19021100
2320,DEL VALLE UVA 1L,7.90E+17,UN,0,6.99,20096100
2321,BANANINHA TIPO CASEIRA 30G,7.90E+17,UN,1,1,
2322,LACTA COOKIES LAKA 80G,7.62E+17,UN,1,3.9,19053100
2323,LACTA COOKIES AO LEITE 80G,7.62E+17,UN,1,3.9,19053100
2324,CLUB SOCIAL PIZZA 141G C/ 6 UNID.,7.62E+17,UN,1,4.5,19059020
2325,CLUB SOCIAL PRESUNTO 141G C/6 UNID,7.62E+17,UN,1,4.5,19059020
2326,CLUB SOCIAL ORIGINAL 141G C/ 6 UNID.,7.62E+16,UN,1,4.5,19059020
2327,CLUB SOCIAL INTEGRAL 5 CEREAIS 144G C/ 6 UNID.,7.62E+17,UN,1,4.5,19059020
2328,BELVITA MACA E CANELA 75G C/ 3 UNID.,7.62E+17,UN,1,3.5,19059020
2329,BELVITA LEITE E AVEIA 75G C/ 4 UNID.,7.62E+17,UN,1,3.5,19059020
2330,BELVITA CACAU & CEREAIS 75G C/ 4 UNID.,7.62E+17,UN,1,3.5,19059020
2331,TORTA MOUSSE DE MORANGO PEQUENA,2331,UN,0,32.9,
2332,TORTA NINHO COM NUTELLA GRANDE,2332,UN,0,41.9,
2333,POTE BRIGADEIRO DE COLHER DIET,7.90E+17,UN,0,15,
2334,CEDRO DOCE LIBANES PEQUENO,2334,UN,0,14,19041000
2335,CEDRO DOCE LIBANES MEDIO,2335,UN,0,16.9,19041000
2336,CEDRO DOCE LIBANES GRANDE,2336,UN,0,23.9,19041000
2337,TORTA CHEESECAKE DE DAMASCO PEQUENA,2337,UN,0,28.9,
2338,TORTA CHEESECAKE DE FRUTAS VERMELHAS PEQUENA,2338,UN,0,28.9,
2339,POTE DOCE DE LEITE CONDENSADO 680G,7.90E+17,UN,0,14.5,
2340,PODE DOCE DE PESSEGO EM CALDA 680G,7.90E+17,UN,0,14.5,
2341,PODE DOCE LEITE CREMOSO COM LIMAO 680G,7.90E+17,UN,0,14.5,20079990
2342,POTE DOCE DE LEITE COM CAFE 680G,7.90E+17,UN,0,14.5,
2343,POTE LEITE CREMOSO COM ACAI 680G,7.90E+17,UN,0,14.5,
2344,KIBON CORNETTO BISCOITO 55G,7.89E+17,UN,0,5.5,19022000
2345,KIBON CREMOSISSIMO 4 EM 1 2 LITROS,7.89E+17,UN,0,25.9,21050010
2346,PLUTONITA SERPENTE VENENOSA GELATINA 30G,7.79E+17,UN,0,1.6,17049020
2347,DOCES CASEIROS 200G,2347,UN,1,6,
2348,DOCES CASEIROS 400G,2348,UN,1,12,
2349,POTE BOLACHA 250G,2349,UN,1,5.9,
2350,MARIA ROSA ESFIHA INTEGRAL BROCOLIS,2350,UN,1,12,
2351,MARIA ROSA ESFIHA INTEGRAL ESCAROLA,2351,UN,1,12,
2352,MARIA ROSA ESFIHA INTEGRAL FRANGO,2352,UN,1,12,
2353,BISCOITO MASSA BRANCA 100G ARGOLA,2353,UN,0,3.5,
2354,BISCOITO MASSA BRANCA 100G PALITO,7.90E+17,UN,0,3.5,
2355,BISCOITO MASSA BRANCA CASEIRO 150G,7.90E+17,UN,0,5.9,
2356,CERVEJA BADEN CRISTAL,7.90E+17,UN,1,18.6,22030000
2357,CERVEJA BADEN GOLDEN,7.90E+17,UN,1,21.3,22030000
2358,CERVEJA BADEN WEISS,7.90E+17,UN,1,21.3,22030000
2359,CERVEJA EISENBAHN PILSEN LATA,7.90E+17,UN,0,4.9,22030000
2360,CERVEJA EISENBAHN PALE ALE,7.90E+17,UN,0,6.9,22030000
2361,CERVEJA EISENBAHN WEISS,7.90E+17,UN,0,6.9,22030000
2362,CERV EISENBAHN STRONG GOLDEN ALE,7.90E+17,UN,0,6.9,22030000
2363,PET MOGI ABACAXI 2L,7.90E+17,UN,0,5.5,22021000
2364,PET MOGI MACA 2L,7.90E+17,UN,0,5.5,22021000
2365,PET MOGI GUARANA 2L,7.90E+17,UN,0,5.5,22021000
2366,PET MOGI GUARANA 250ML,7.90E+17,UN,0,1.5,22021000
2367,ASSADEIRA ALUMINIO 4LITROS,7.90E+17,UN,0,5,76071190
2368,ASSADEIRA ALUMINIO 7LITROS,7.90E+17,UN,0,7,76071110
2369,CERV ARTESANAL BOCK,2369,UN,1,12,
2370,CERV ARTESANAL DUNKEL,2370,UN,1,18.3,
2371,CERV ARTESANAL SUMMER ALE,2371,UN,1,18.3,
2372,CERV ARTESANAL SESSION PILSEN,2372,UN,1,18.2,
2373,POTE DOCE AMBROSIA,2373,UN,0,14.5,
2374,POTE DOCE MAMAO RALADO,7.90E+17,UN,0,14.5,20079990
2376,"BOM DA FAZENDA COM REQ, DAMASCO E AVELA",2376,UN,0,31.9,
2377,POTE DOCE DE ABOBORA COM COCO DIET,7.90E+17,UN,0,15,
2378,EISENBAHN PILSEN LN,7.90E+17,UN,0,5.9,22030000
2379,PET MOGI ABACAXI 250ML,7.90E+17,UN,0,1.5,22021000
2380,TRIDENT TUTTI FRITI C/5,2380,UN,0,2,21069050
2381,TORTA PESSEGO PEQUENA,2381,UN,0,28.9,
2382,PET ITUBAINA 237ML,7.90E+17,UN,1,1.5,22021000
2383,BISCOITO DE POLVILHO MINI PAO DE QUEIJO,7.90E+17,UN,0,3.5,19022000
2384,BATATA PALHA MASSA BRANCA 140G,7.90E+17,UN,0,4.99,","
2385,CERV ARTESANAL MEDITERRANEA,2385,UN,1,18.2,
2386,CERV ARTESANAL ESB,2386,UN,1,18.2,
2387,COCA COLA PET 200ML,78908901,UN,0,2,22021000
2388,SPRITE LATA 220ML,7.89E+16,UN,0,1.5,
2389,ISOTONICO I9 LIMAO 500ML,7.89E+16,UN,1,4.5,22029900
2390,ISOTONICO POWERADE PRO MIX DE FRUTAS 500ML,7.89E+16,UN,1,5,22029900
2391,POTE COOKIES TRADICONAL 400G,7.51E+16,UN,0,12,20079990
2392,POTE COOKIES CHOCOLATE 400G,7.51E+16,UN,0,12,20079990
2393,AMENDOIM MIX KI-SABOR 360G,"7,89E+12",UN,1,12,
2394,ROSCA ENROLADA SIMPLES 400G,7.51E+16,UN,1,8.9,
2395,ROSCA ENROLADA COCO 400G,7.51E+16,UN,1,8.9,19022000
2396,PACOCA CHOCOLATE UNIDADE,7.90E+17,UN,1,0.5,
2397,CACHACA DU BREJO PRATA 750ML,7.35E+16,UN,0,27.5,
2398,CACHACA DU BREJO CARVALHO 750ML,7.35E+16,UN,0,27.5,
2399,CACHACA DU BREJO BALSAMO/AMBURANA 750ML,7.35E+16,UN,0,27.5,
2400,TAMPICO FRUTAS CITRICAS 450ML,95188794506,UN,1,3.5,
2401,PROVOLONE DESIDRATADO POTE 100G,7.90E+15,UN,0,12,20079990
2402,COCA COLA ZERO PET 200ML,78933873,UN,0,2,22021000
2403,SALGADINHO CHEETOS LUA 42G,7.89E+17,UN,0,1.99,
2404,SALGADINHO CHEETOS ONDA REQUEIJAO 42G,7.89E+17,UN,0,1.99,
2405,SALGADINHO FANDANGOS QUEIJO 44G,7.89E+17,UN,0,1.99,
2406,SALGADINHO FANDANGOS PRESUNTO 44G,7.89E+17,UN,0,1.99,
2407,SALGADINHO SENSACOES PEITO DE PERU 55G,7.89E+17,UN,0,4.99,
2408,SALGADINHO SENSACOES FRANGO GRELHADO 55G,7.89E+17,UN,0,4.99,
2409,SALGADINHO DORITOS 48G,7.89E+17,UN,0,3.99,
2410,SALGADINHO RUFFLES ORIGINAL 41G,7.89E+17,UN,0,2.99,
2411,SALGADINHO RUFFLES CEBOLA & SALSA 41G,7.89E+17,UN,0,2.99,
2412,SALGADINHO RUFFLES CHURRASC 41G,7.89E+17,UN,0,2.99,
2413,SALGADINHO DORITOS 96G,7.89E+17,UN,0,6.99,
2414,SALGADINHO RUFFLES ORIGINAL 96G,7.89E+17,UN,0,6.99,
2415,SALGADINHO RUFFLES CEBOLA & SALSA 96G,7.89E+17,UN,0,6.99,
2416,SALGADINHO LAY'S CLASSICA 86G,7.89E+17,UN,0,6.99,
2417,SALGADINHO CHEETOS LUA 140G,7.89E+17,UN,0,6.5,
2418,SALGADINHO CHEETOS ONDA REQUEIJAO 150G,7.89E+17,UN,0,6.5,
2419,SALGADINHO FANDANGOS PRESUNTO 164G,7.89E+17,UN,0,6.99,
2420,SALGADINHO BACONZITOS 103G,7.89E+17,UN,0,6.5,
2421,SALGADINHO CEBOLITOS 110G,7.89E+17,UN,0,6.5,
2422,PET FANTA GUARANA 2L,7.89E+16,UN,1,8.6,22021000
2423,POTE COCADA CREMOSA COM MORANGO,2423,UN,0,14.5,
2424,POTE COCADA CREMOSA COM CHOCOLATE,2424,UN,0,14.5,
2425,POTE COCADA CREMOSA COM LEITE,7.90E+17,UN,0,14.5,
2426,POTE DOCE DE NATA,2426,UN,0,14.5,
2427,SUCO ADES MACA 200ML,7.89E+16,UN,0,2.5,22029900
2428,DEL VALLE KAPO UVA 200ML,7.89E+16,UN,0,2.5,22021000
2429,LATA DEL VALLE MARACUJA 290ML,7.89E+16,UN,0,3.8,22029900
2430,CASA DAS TORTAS PETIT GATEAU 100G,7.90E+16,UN,1,5.99,19059090
2431,KIBON BLAST DIAMANTE NEGRO POTE 1 LITRO,7.89E+17,UN,1,21.9,
2432,KIBON BLAST TABLITO POTE 800ML,7.89E+17,UN,0,21.5,21050010
2433,KIBON BLAST COOKIES N CREME POTE 1 LITRO,7.89E+17,UN,1,21.5,21050010
2434,GALCHURRAS TORRADA CEBOLA E SALSA 100G,7.90E+17,UN,0,3.5,
2435,GALCHURRAS TORRADA ALHO 100G,7.90E+17,UN,0,3.5,
2436,GALCHURRAS TORRADA BACON 100G,7.90E+17,UN,0,3.5,
2437,MEL PURO FLORES SILVESTRES 750G,2437,UN,0,23.9,
2438,MEL PURO FLORES SILVESTRES 470G,2438,UN,0,18.9,
2439,COCADA SIRIA 4 UNIDADES,2439,UN,1,8.4,
2440,COCADA SIRIA UNIDADE,7.51E+16,UN,0,4.2,19041000
2441,DOCE LIBANES PROMOCAO MEDIO,2441,UN,0,13.5,19041000
2442,DOCE LIBANES PROMOCAO GRANDE,2442,UN,0,19.6,19041000
2443,DOCE LIBANES PROMOCAO PEQUENO,2443,UN,0,11.9,19041000
2444,AROSA MASSA FILLO 300G,2444,UN,0,10.9,19021900
2445,SALGADINHO CHEETOS BOLA 59G,7.89E+17,UN,0,2.5,
2446,SALGADINHO BACONZITOS 55G,7.89E+17,UN,0,3.75,
2447,SALGADINHO CEBOLITOS 31G,7.89E+17,UN,0,1.99,
2448,SALGADINHO RUFFLES CHURRASCO 96G,7.89E+17,UN,0,6.99,
2449,CHEETOS PIPOCA DOCE CARAMELO 55G,7.89E+17,UN,1,3,
2450,COCADA SIRIA PROMOCAO,2450,UN,1,6.3,
2451,MARIA ROSA ENROLADINHO MISTO,2451,UN,1,14,
2452,MARIA ROSA BANDEJA MISTA,2452,UN,1,14,
2453,LATA SPRITE 350ML,2453,UN,0,3.8,
2454,MEL PURO BISNAGA 470G,2454,UN,0,17.9,
2455,MEL PURO BISNAGA 280G,2455,UN,0,11.9,
2456,MEL PURO BISNAGA 210G,2456,UN,0,9.9,
2457,BALA POOSH! 4SABORES VERDE 5G,78918214,UN,0,0.15,
2458,CHA MATTE LEAO LIMAO 300ML,7.89E+16,UN,1,3.5,22021000
2459,CHA LEAO FUZE ICE TEA LIMAO 300ML,7.89E+16,UN,1,3.5,22021000
2460,CHA LEAO FUZE ICE TEA PESSEGO 300ML,7.89E+16,UN,1,3.5,22021000
2461,DEL VALLE KAPO MORANGO 200ML,7.89E+16,UN,0,2.5,22021000
2462,AQUARIUS FRESH LIMAO 510ML,7.89E+16,UN,1,3,22021000
2463,ISOTONICO I9 UVA VERDE 500ML,7.89E+16,UN,1,4.5,22029900
2464,ENERGETICO MONSTER ENERGY LATA 473ML,70847022015,UN,1,8.5,
2465,CERVEJA HEINEKEN LONG NECK 330ML,78936683,UN,0,5,22030000
2466,SALGADINHO LAYS SOUR CREAM 86G,7.89E+17,UN,0,6.99,
2467,SALGADINHO TORCIDA PIMENTA MEXICANA 50G,7.90E+17,UN,0,1.85,
2468,TODDYNHO 200ML,7.89E+17,UN,1,2.75,
2469,"TRIDENT POTE HORTELA 40,6G",7.62E+16,UN,1,7,
2470,BUBBALOO SORTIDOS,7.90E+16,UN,1,0.2,17041000
2471,"KIBON CREMOSISSIMO PASSAS AO RUM 1,5L",7.89E+17,UN,0,19.9,21050010
2472,"KIBON CREMOSISSIMO FLOCOS1,5L",7.89E+17,UN,0,19.9,21050010
2473,"KIBON CREMOSISSIMO CREME 1,5L",7.89E+17,UN,0,19.9,21050010
2474,SALGADINHO LAYS CLASSICA 55G,7.89E+17,UN,0,4.99,
2475,KIBON ZERO CHOCOLATE COM BAUNILHA 1L,7.89E+17,UN,0,23.9,21050010
2476,DEL VALLE FRESH LIMAO 200ML,78938984,UN,1,1.5,22021000
2477,DEL VALLE FRESH LARANJA 200ML,78938977,UN,1,1.5,22021000
2478,DEL VALLE 100% SUCO DE UVA 300ML,7.89E+16,UN,0,4.5,20096100
2479,"DEL VALLE FRESH LIMAO 1,5L",7.89E+16,UN,1,4,22021000
2480,"DEL VALLE FRESH LARANJA 1,5L",7.89E+16,UN,1,4,22021000
2481,BIG BIG MENTA C/4 UNID ZERO ACUCAR,78921375,UN,1,0.5,21069050
2482,BIG BIG TUTTI-FRUTTI C/4 ZERO ACUCAR,78922389,UN,1,0.5,21069050
2483,BALA BUTTER TOFFEES MORANGO COM CREME,2483,UN,0,0.2,17049020
2484,BALA 7 BELO IOGURTE,2484,UN,0,0.1,17049020
2485,BALA 7 BELO FRAMBOESA,2485,UN,0,0.1,17049020
2486,SALGADINHO LAYS TEX-MEX CHEESE 86G,7.89E+17,UN,0,6.99,
2487,SALGADINHO LAYS AMERICAN BARBECUE 86G,7.89E+17,UN,0,6.99,
2488,BATATA PALHA ELMA CHIPS 140G,7.89E+17,UN,0,6.5,","
2489,BOLO CASEIRINHO GRANDE,2489,UN,1,13.5,
2490,BOLO CASEIRINHO PEQUENO,2490,UN,1,9.5,
2491,BRIGADEIROS BANDEJA,2491,UN,1,10.5,
2492,STIKADINHO MORANGO,78929340,UN,0,0.75,18063210
2493,BATON AO LEITE,78912359,UN,0,1.25,18063210
2494,CHICLE POOSH! HORTELA,78927995,UN,0,0.15,17041000
2495,TRIDENT POTE MENTA 40G,7.62E+16,UN,1,7,21069050
2496,BATON BRANCO E PRETO,78930193,UN,0,1.25,18063210
2497,SALGADINHO LAYS SALT & VINEGAR 86G,7.89E+17,UN,0,6.99,
2498,SUCO ADES LARANJA 200ML,7.89E+16,UN,1,2.5,
2499,CERVEJA BADEN RED ALE,7.90E+17,UN,1,21.3,22030000
2500,CERVEJA EISENBAHN DUNKEL 355ML,7.90E+17,UN,0,6.9,22030000
2501,BOLO DE POTE DELICIAS DA RITINHA,2501,UN,1,5,
2502,SALGADINHO STIKSY 90G,7.89E+17,UN,0,3.75,
2503,SALGADINHO PINGO D OURO BACON 48G,7.89E+17,UN,0,1.99,
2504,SALGADINHO PINGO D OURO PICANHA 35G,7.89E+17,UN,0,3.75,
2505,GOIABADA TABLETE,7.90E+17,UN,0,6.5,19041000
2506,GOIABADA CASCAO TABLETE,7.90E+17,UN,0,6.5,
2507,CASARAO FUSILLI INTEGRAL 200G,7.90E+17,UN,0,6.9,19021900
2508,CASARAO PENNE INTEGRAL 200G,7.90E+17,UN,0,6.9,19021900
2509,CASARAO MASSA DE ARROZ PREMIUM FUSILLI 200G,7.90E+17,UN,0,5.9,19021900
2510,CASARAO MASSA DE ARROZ PREMIUM SPAGHETTI 200G,7.90E+17,UN,0,5.9,19021900
2511,CASARAO MASSA DE ARROZ PREMIUM PENNE 500G,7.90E+17,UN,0,11.5,19021900
2512,CASARAO MASSA DE ARROZ PREMIUM SPAGHETTI 500G,7.90E+17,UN,0,11.5,19021900
2513,CASARAO MASSA DE ARROZ PREMIUM FUSILLI 500G,7.90E+17,UN,0,11.5,19021900
2514,"KIT KAT BRANCO 41,5G",7.89E+15,UN,0,2.75,19053200
2515,PIRULITO 7 BELO FRAMBOESA,2515,UN,0,0.25,17049090
2516,CHICLE HUEVITOS LIGA DA JUSTICA 25G,7.89E+17,UN,0,1.5,17041000
2517,SALGADINHO DORITOS SWEET CHILI 48G,7.89E+17,UN,0,3.99,
2518,VASILHAME SODA NOLL,2518,UN,0,19.9,
2519,LIQUIDO SODA NOLL,2519,UN,0,5.9,
2520,"KIT KAT AO LEITE 41,5G",7.89E+15,UN,0,2.75,
2521,BALA POOSH! 7BELO,78916234,UN,0,0.15,
2522,CHOC SUFLAIR 50G,7.89E+15,UN,0,3.3,18063210
2523,CHOC SENSACAO 28G,7.89E+15,UN,0,2.5,18063110
2524,KIBON MAGNUM TRIO CHOCOLATE,7.89E+17,UN,0,9.9,21050010
2525,KIBON CORNETTO SNICKERS,7.89E+17,UN,0,4.9,21050010
2526,KIBON CREME ZERO LACTOSE,7.89E+17,UN,0,21.5,21050010
2527,KIBON OVOMALTINE 800ML,7.89E+17,UN,0,21.5,21050010
2528,KIBON SNICKERS 800ML,7.89E+17,UN,0,21.5,21050010
2529,LATA COCA COLA CAFE ESPRESSO 220ML,7.89E+16,UN,0,1.99,22021000
2530,SALGADINHO CHEETOS TURBO CHEDDAR 47G,7.89E+17,UN,0,2.5,
2531,CHOCOLATE TWIX 15G,7.90E+17,UN,0,1,19053100
2532,CHOCOLATE PRESTIGIO 33G,7.89E+15,UN,0,1.25,18069000
2533,BALA KIDS HORTELA UNID,2533,UN,0,0.15,17041000
2534,PLUTONITA SORTE OU AZAR,7.89E+17,UN,1,1.5,17041000
2535,KIBON NAPOLITANO ZERO LACTOSE 800ML,2535,UN,0,21.5,21050010
2536,KIBON CREMOSISSIMO 4EM1 CHOCOLATE,7.89E+17,UN,0,25.9,21050010
2537,CHOC TORTUGUITA CONFEITOS,7.90E+17,UN,0,2.3,
2538,KIBON MAX KOLORIX,7.89E+17,UN,0,1.7,21050010
2539,SALGADINHO CHEETOS MIX 42G,7.89E+17,UN,0,1.99,
2540,BATON BRANCO,78912366,UN,0,1.25,
2541,ELMA CHIPS BATATA PALHA EXTRA FINA 120G,7.89E+17,UN,0,6.5,","
2542,TORTA DE MACA GRANDE,2542,UN,0,41.9,
2543,KIBON MINI CHICABON,7.89E+17,UN,0,10.5,21050010
2544,PET MOGI GROSELHA 1LITRO,7.90E+17,UN,0,7.9,21069010
2545,PALMITO SAVANA CUBOS 1800G,7.90E+17,UN,0,23.9,20089100
2546,PALMITO SAVANA BANDA 1800G,2546,UN,0,26.9,20089100
2547,CASARAO FUSILLI BETER/ BAN. VERDE/ PIM. CAIENA 300G,7.90E+17,UN,0,10.9,19021900
2548,CASARAO FUSILLI CENOURA/ BAT.DOCE/ CURCUMA/ CHIA 300G,7.90E+17,UN,0,10.9,19021900
2549,CASARAO PENNE BETER/ BAN.VERDE/ PIM.CAIENA 300G,7.90E+17,UN,0,10.9,19021900
2550,CASARAO PENNE ESPINAFRE/ BERINJELA/ CHILLI 300G,7.90E+17,UN,0,10.9,19021900
2551,CHOC DIAMANTE NEGRO 90G,7.62E+16,UN,0,5.4,18063210
2552,CHOC AMARO 90G,7.62E+17,UN,0,5.4,18063210
2553,CHOC LAKA DIAMANTE NEGRO 90G,7.62E+17,UN,0,5.4,18063210
2554,CHOC LAKA OREO 90G,7.62E+17,UN,0,5.4,18063210
2555,CASA DAS TORTAS CHOCOLATE 1KG,2555,UN,0,47.5,19059090
2556,CASA DAS TORTAS GREGO C/ AMARENA 1KG,7.90E+16,UN,0,47.5,19059090
2557,QUEIJO DOURADO DUETO,2557,KG,0,43.5,
2558,QUEIJO MINAS ARTESANAL CANASTRA,2558,KG,0,29.9,
2559,CERVEJA EISENBAHN AMERICAN IPA 355ML,7.90E+17,UN,0,6.9,22030000
2560,"CASA DAS TORTAS HOLANDESA 1,4KG",2560,UN,0,62.9,19059090
2561,VINHO BRANCO,2561,KG,0,0,
2562,SALGADINHO RUFFLES QUEIJO 50G,7.89E+17,UN,0,2.99,
2563,SALGADINHO RUFFLES QUEIJO 90G,7.89E+17,UN,0,6.99,
2564,PALMITO SAVANA PICADO,2564,UN,0,26.9,20089100
2565,KIBON TODDYNHO,7.89E+17,UN,0,2.9,21050010
2566,"CHOCOLATE SNICKERS 52,7G",7.51E+17,UN,0,3.1,18063110
2567,AMOR GLACE CHEESECAKE 700G,2567,UN,0,35.9,
2568,AMOR GLACE BOLO TRIPLO MOUSSE 700G,2568,UN,0,35.9,
2569,AMOR GLACE MOUSSE AO LEITE 100G,2569,UN,0,6.9,
2570,AMOR GLACE CHEESECAKE FATIA 190G,2570,UN,0,8.5,
2571,AMOR GLACE BOLO TRIPLO MOUSSE FATIA 180G,2571,UN,0,8.5,
2572,ARCOR GELATINAS MORDIDA,7.79E+17,UN,0,2.99,
2573,ARCOR GELATINAS 7BELO MORANGO COM CREME,7.79E+17,UN,0,2.99,
2574,ARCOR GELATINAS MELANCIAS,7.79E+17,UN,0,2.99,
2575,ARCOR GELATINAS PLUTONITA RODINHAS ACIDAS,7.79E+17,UN,0,2.99,
2576,ARCOR GELATINAS MINHOCAS,7.79E+17,UN,0,2.99,
2577,CERV EISENBAHN RAUCHBIER 355ML,7.90E+17,UN,0,6.9,22030000
2578,"TRIDENT SPEARMINT 30,6G",7.62E+17,UN,0,3.5,21069050
2579,CHOC ZEROMILK SMILES 5G,7.90E+17,UN,0,0.8,18063210
2580,ALFAJOR NEGRO 60G,7.73E+16,UN,0,7.5,19059090
2581,CHOC TRENTO MASSIMO CHOCOLATE 30G,7.90E+17,UN,0,1.99,19053200
2582,LEVE CROCK PALITOS QUINOA E GERGELIM 25G,7.90E+17,UN,0,2.99,19059020
2583,BARRA BENUTS MACADAMIA 30G,7.90E+17,UN,0,4.5,8135000
2584,BARRA BENUTS GOJIBERRY,7.90E+17,UN,0,4.5,8135000
2585,PORTAO DO CAMBUI DOCE DE LEITE 25G,7.90E+15,UN,0,0.99,19019020
2586,"STROOPWAFEL 28,5G",7.90E+17,UN,0,1.99,19053200
2587,BISCOITO POLVILHO CRECK CRECK CEBOLA E SALSA 50G,7.90E+17,UN,0,4.2,19053100
2588,BISCOITO POLVILHO CRECK CRECK TOM SECO E OREGANO 50G,7.90E+17,UN,0,4.2,19053100
2589,SABOR DAS INDIAS CHUTNEY PIMENTA C/ MORANGO 370G,7.90E+16,UN,0,21.5,21039021
2590,SABOR DAS INDIAS CHUTNEY PIMENTA C/ ABACAXI 270G,7.90E+16,UN,0,17.5,21039021
2591,SABOR DAS INDIAS CHUTNEY PIMENTA C/ GENGIBRE 370G,7.90E+16,UN,0,17.5,21039021
2592,SABOR DAS INDIAS PATE DE PIMENTA BIQUINHO 370G,7.90E+17,UN,0,15.5,21039021
2593,SABOR DAS INDIAS GELEIA DE PIMENTA 240G,7.90E+17,UN,0,16.5,20079910
2594,SABOR DAS INDIAS GELEIA DE PIMENTAO 240G,7.90E+16,UN,0,16.99,20079910
2595,SABOR DAS INDIAS GELEIA DE MORANGO C/ PIMENTA 240G,7.90E+16,UN,0,21.9,20079910
2596,HERSHEY S COOKIES AND CREAM POTE 800 ML,7.89E+17,UN,0,21.5,21050010
2597,CASARAO FARINHA DE ARROZ PREMIUM 500G,7.90E+17,UN,0,5.5,
2598,CHOC TRENTO MASSIMO BRANCO COM COOKIES 30G,7.90E+17,UN,0,1.99,
2599,CRYSTAL SPARKLING LIMAO 510ML,7.89E+16,UN,0,2.99,22021000
2600,CASARAO FUSILLI ESPINAFRE/BERINJELA/CHILLI 300G,7.90E+17,UN,0,10.9,19021900
2601,CASARAO PENNE CENOURA/BAT.DOCE/CURCUMA/CHIA 300G,7.90E+17,UN,0,10.9,19021900
2602,CANUDOS REBEQUI 240G,7.90E+17,UN,0,9.8,19021900
2603,CHOC TRENTO AVELA 32G,7.90E+17,UN,0,1.99,
2604,CHOC TRENTO MOUSSE DE MARACUJA 32G,7.90E+17,UN,0,1.99,
2605,PLUTONITA TIRA ARCO-IRIS ACIDA,7.89E+17,UN,0,1.25,
2606,PACOCA GOOBER SEM ACUCAR 20G,7.90E+17,UN,0,1.3,
2607,TABLETE ARCOR RECHEADO MEIO AMARGO,7.90E+17,UN,0,1.7,18063110
2608,AMOR GLACE BOLO DE CENOURA,2608,UN,0,14,
2609,BALA BUTTER TOFFEES LEITE CONDENSADO,2609,UN,0,0.2,
2610,BOMBOM AMOR SINGS 15G,78940291,UN,0,0.8,
2611,CASARAO MASSA DE ARROZ SPAGHETTI 300G,7.90E+17,UN,0,8.1,
2612,AMOR GLACE BOLO DE POTE,2612,UN,0,8,
2613,SALGADINHO RUFFLES KETCHUP 50G,2613,UN,0,0,
2614,PIPOCA MICROONDAS KISABOR MANTEIGA 100G,7.90E+17,UN,0,2.5,
2615,PIPOCA MICROONDAS KISABOR NATURAL 100G,7.90E+17,UN,0,2.5,
2616,PIPOCA MICROONDAS KISABOR BACON 100G,7.90E+17,UN,0,2.5,
2617,SALGADINHO LAYS CLASSICA 86G,7.89E+17,UN,0,6.99,
2618,SALGADINHO STIKSY 48G,7.89E+17,UN,0,4.99,
2619,KIBON MAGNUM PRALINE,7.89E+17,UN,0,10.8,21050010
2620,KIBON MAGNUM BITES,7.89E+17,UN,0,12.5,21050010
2621,KIBON CORNETTO M&MS,7.89E+17,UN,0,7.5,21050010
2622,KIBON BLAST M&MS,7.89E+17,UN,0,21.5,21050010
2623,SUCO DE LARANJA NATURAL 1L,7.37E+16,UN,0,7.9,
2624,SUCO DE LARANJA NATURAL 300ML,7.37E+16,UN,0,3.2,
2625,BANANINHA PARAIBUNA SEM ADICAO DE ACUCAR 23G,7.90E+17,UN,0,2.6,
2626,BALA 7BELO FRAMBOESA PACOTE 90G,7.89E+17,UN,0,2.99,
2627,PAO ITALIANO BOLA 400G,2627,UN,0,8.9,19059090
2628,BRIOCHE COM GOTAS DE CHOCOLATE 270G,2628,UN,0,11,19059090
2629,AROSA MASSA FOLHADA DISCO 15,7.90E+17,UN,0,23.9,19021900
2630,KIBON MORDISKO BAUNILHA,7.89E+17,UN,0,5.9,21050010
2631,KIBON CREMOSISSIMO 4EM1 TROPICAL,7.89E+17,UN,0,25.9,21050010
2632,BALA TRIBALA FRUTAS,2632,UN,0,0.15,17049020
2633,CHICLETE BOLIN FRUTAS,2633,UN,0,0.4,17041000
2634,GOSTO LEVE MIX DE FRUTAS DESIDRATADAS 150G,2634,UN,0,15.5,
2635,GOSTO LEVE AMENDOIM SEM PELE 150G,2635,UN,0,3.99,
2636,GOSTO LEVE AMENDOIM S/ PELE C/ SAL 150G,2636,UN,0,3.99,
2637,GOSTO LEVE BANANA CHIPS COM CANELA 50G,2637,UN,0,5.9,
2638,GOSTO LEVE BANANA CHIPS SALGADA 50G,2638,UN,0,5.9,
2639,GOSTO LEVE CASTANHA DE CAJU C/ SAL 150G,2639,UN,0,16.9,
2640,GOSTO LEVE CASTANHA DE CAJU S/ SAL 150G,2640,UN,0,16.9,
2641,GOSTO LEVE CASTANHA DO PARA 150G,2641,UN,0,12.9,
2642,GOSTO LEVE DAMASCO TURCO 150G,2642,UN,0,8.9,
2643,GOSTO LEVE MIX DE CASTANHAS 150G,2643,UN,0,14.2,
2644,GOSTO LEVE MILHO ESPANHOL MOSTARDA E MEL 100G,2644,UN,0,5.9,
2645,GOSTO LEVE AMENDOIM CARAMELIZADO 150G,2645,UN,0,6.5,
2646,GOSTO LEVE PROVOLONE ASSADO 50G,2646,UN,0,11.5,
2647,GOSTO LEVE AMENDOIM MACA DO AMOR 150G,2647,UN,0,4.99,
2648,GOSTO LEVE AMENDOIM SABORES 150G,2648,UN,0,4.99,
2649,GOSTO LEVE BISCOITO ARROZ SABOR BARBECUE 50G,2649,UN,0,5.5,
2650,MASSA CACAU BROWNIE ARTESANAL SABORES,2650,UN,0,7.2,","
2651,CAIXA TERMICA 8 LITROS,7.90E+17,UN,0,13.9,39231090
2652,CAIXA TERMICA 18 LITROS,7.90E+17,UN,0,21.9,39231090
2653,CAIXA TERMICA 28 LITROS,7.90E+17,UN,0,34.9,39231090
2654,KIBON FRUTTARE BARRINHA,7.89E+17,UN,0,7.99,
2655,SNACK BON GOUTER PARMESAO 100G,7.89E+17,UN,0,6.5,19059020
2656,CHOC LACTA INTENSE 60% LARANJA,7.62E+17,UN,0,6.99,18063210
2657,CHOC LACTA INTENSE 60% MIX DE NUTS,7.62E+17,UN,0,6.99,18063210
2658,CHOC LACTA INTENSE 60% ORIGINAL,7.62E+17,UN,0,6.99,18063210
2659,CHOC LACTA AO LEITE 90G,7.62E+16,UN,0,5.4,18063210
2660,COFFEE BEANS ESPRESSO  ZERO,7.90E+17,UN,0,1.9,9019000
2661,STROOPWAFEL 230G,7.90E+17,UN,0,10.9,19053200
2662,BISCOITO DE ARROZ COM CHOCOLATE NATURATTA 60G,7.90E+17,UN,0,8.5,19041000
2663,SABOR DAS INDIAS PIMENTA BODE 180G,7.90E+16,UN,0,17.5,20019000
2664,SABOR DAS INDIAS PIMENTA MALAGUETA VERMELHA 215G,7.90E+16,UN,0,15.9,20019000
2665,SABOR DAS INDIAS PIMENTA HABANERO 290G,7.90E+16,UN,0,17.9,20019000
2666,GOIABADA CASCAO DE COLHER VO DITA 350G,7.43E+16,UN,0,14.6,
2667,SABOR DAS INDIAS PIMENTA BIQUINHO NATURAL 300G,7.90E+16,UN,0,13.6,20019000
2668,SABOR DAS INDIAS PIMENTA BIQUINHO ALHO E OREGANO 300G,7.90E+16,UN,0,13.6,20019000
2669,PET MOGI SODA LIMAO 350ML,7.90E+17,UN,0,1.99,22021000
2670,PAO DE MEL UNIDADE,2670,UN,0,4,
2671,LA BRASA MINI PASTEL DE BELEM 4UN,2671,UN,0,13.9,
2672,LA BRASA QUINDIM TRADICIONAL 3UN,2672,UN,0,14.9,
2673,LA BRASA QUINDIM CHOCOLATE BELGA 70% 3UN,2673,UN,0,15.5,
2674,LA BRASA QUINDIM NOZES 3UN,2674,UN,0,15.5,
2675,VINHO MOSKETTO PINK 750ML,2675,UN,0,73.99,
2676,VINHO LOS GATOS CABERNET SAUVIGNON 750ML,2676,UN,0,34.9,
2677,VINHO LOS GATOS CARMENERE 750ML,2677,UN,0,34.9,
2678,LAMBRUSCO DELL EMILIA BRANCO 750ML,2678,UN,0,27.9,
2679,VINHO VERDE VIA LATINA ROSADO 750ML,2679,UN,0,38.9,
2680,VINHO VERDE VIA LATINA BRANCO 750ML,2680,UN,0,38.9,
2681,CERV ERDINGER KIT TRADICIONAL GARRAFA+COPO,2681,UN,0,73.99,
2682,CERV PAULISTANIA KIT MARCO ZERO CERVEJA+COPO,2682,UN,0,73.99,
2683,CACHACA YAPIRA PRATA 700ML,2683,UN,0,43.9,
2684,CACHACA YAPIRA OURO 700ML,2684,UN,0,48.9,
2685,CACHACA YAPIRA PRATA KIT 2COPOS,2685,UN,0,74.9,
2686,CACHACA YAPIRA OURO KIT 2COPOS,2686,UN,0,83.9,
2687,XAROPE DA VINCI STRAWBERRY 750ML,2687,UN,0,49.9,
2688,XAROPE DA VINCI PEACH 750ML,2688,UN,0,49.9,
2689,XAROPE DA VINCI GREEN APPLE,2689,UN,0,49.9,
2690,OLEO DE COCO EXTRAVIRGEM 900ML,2690,UN,0,28.9,15131900
2691,OLEO DE COCO EXTRAVIRGEM 400ML,2691,UN,0,17.9,15131900
2692,GOIABADA CASCAO DE CORTE VO DITA 350G,7.43E+16,UN,0,14.6,
2693,GENGIBRE CRISTALIZADO DA NATUREZA 30G,7.71E+17,UN,0,6.9,9101200
2694,COOKIES BELIVE BAUNILHA SEM GLUTEN 100G,7.90E+17,UN,0,10.2,19059020
2695,COOKIES BELIVE DOUBLE CHOCOLATE SEM GLUTEN 100G,7.90E+17,UN,0,10.2,19059020
2696,COOKIES BELIVE LIMAO SICILIANO SEM GLUTEN 100G,7.90E+17,UN,0,10.2,19059020
2697,SABOR DAS INDIAS MOLHO DE PIMENTA COMARI DO PARA 55ML,7.90E+16,UN,0,7.99,21039021
2698,SABOR DAS INDIAS MOLHO DE PIMENTA JALAPENO 55ML,7.90E+16,UN,0,7.99,21039021
2699,SABOR DAS INDIAS MOLHO CHIPOTLE 80ML,7.90E+17,UN,0,9.9,21039021
2700,SABOR DAS INDIAS PIMENTA VERDE JALAPENO 300G,7.90E+16,UN,0,17.5,20019000
2701,PALMITO SAVANA TOLETE 300G,7.90E+17,UN,0,14.9,20089100
2702,PALMITO SAVANA RODELA 300G,7.90E+17,UN,0,9.9,20089100
2703,PALMITO SAVANA PICADO 300G,7.90E+17,UN,0,8.9,20089100
2704,PALMITO SAVANA ESPAGUETE 300G,7.90E+17,UN,0,12.9,20089100
2705,A PIPOCA CARAMELIZADA COM COCO,7.90E+17,UN,0,2.2,
2706,VINHO CAMPINO TINTO SUAVE 750ML,7.90E+17,UN,0,12.9,
2707,VINHO CASA GERALDO ORIGENS BORDO 750ML,7.90E+17,UN,0,27.9,
2708,ESPUMANTE SOLEO BRANCO DEMI-SEC 750ML,7.90E+17,UN,0,38.9,
2709,FRISANTE SOLEO BRANCO 660ML,7.90E+17,UN,0,28,
2710,FRISANTE SOLEO TINTO 660ML,7.90E+17,UN,0,28,
2711,SUCO DE UVA CAMPINO TINTO 1LITRO,7.90E+17,UN,0,14,
2712,SUCO DE UVA CAMPINO BRANCO 1LITRO,7.90E+17,UN,0,14,
2713,LUAL MIX DE NUTS 50G,2713,UN,0,4.2,20081900
2714,LUAL CASTANHA DO PARA 50G,2714,UN,0,6.6,20081900
2715,TAXA DE ENTREGA,2715,UN,0,1,
3000,SP MASSA PARA TORTA,3000,KG,0,0,19022000
3001,SP MASSA CRUA,3001,KG,0,0,19022000
3002,SP MASSA CANELONE E LASANHA COZIDA,3002,KG,0,0,19022000
3003,SP MASSA RONDELE COZIDA,3003,KG,0,0,19022000
3004,MASSA CONCHIGLIONE COZIDA,3004,KG,0,0,19022000
3005,SP RECHEIO DE PALMITO PARA TORTA,3005,KG,0,0,19022000
3006,SP CARNE MOIDA,3006,KG,0,0,19022000
3007,SP CARNE PARA PANQUECA,3007,KG,0,0,19022000
3008,SP FRANGO DESFIADO,3008,KG,0,0,19022000
3009,SP RECHEIO DE FRANGO PARA TORTA,3009,KG,0,0,19022000
3010,SP RECHEIO PRESUNTO E MUSSARELA,3010,KG,0,0,19022000
3011,SP RECHEIO TRES QUEIJOS,3011,KG,0,0,19022000
3012,SP RECHEIO PIZZA,3012,KG,0,0,19022000
3013,SP RECHEIO FRANGO MUSS,3013,KG,0,0,19022000
3014,SP ABOBORA,3014,KG,0,0,19022000
3015,SP ESCAROLA,3015,KG,0,0,19022000
3016,SP ESPINAFRE,3016,KG,0,0,19022000
3017,SP RECHEIO BACALHAU PARA LASANHA,3017,KG,0,0,19022000
3018,SP RICOTA TEMPERADA,3018,KG,0,0,19022000
3019,SP COSTELINHA,3019,KG,0,0,19022000
3020,SP FAROFA DE MILHO,3020,KG,0,0,19022000
3021,SP LAGARTO,3021,KG,0,0,19022000
3022,SP MOLHO PARA CARNE,3022,KG,0,0,19022000
3023,SP TENDER,3023,KG,0,0,19022000
3024,SP LOMBO RECHEADO,3024,KG,0,0,19022000
3025,SP BASE ROCAMBOLE E ALMONDEGA,3025,KG,0,0,19022000
3026,SP PALETA,3026,KG,0,0,19022000
3027,SP MASSA INTEGRAL PARA TORTA,3027,KG,0,0,19022000
3028,SP CARNE PARA CAPELETE E RAVIOLE,3028,KG,0,0,19022000
3029,SP RECHEIO PARA TORTEI DE ABOBORA COM CARNE SECA,3029,KG,0,0,19022000
3030,SP RECHEIO PARA TORTEI DE ABOBORA,3030,KG,0,0,19022000
3031,SP MOLHO PEITO DE FRANGO,3031,KG,0,0,19022000
3032,SP MOLHO BARBECUE,3032,KG,0,0,19022000
3033,FILE FRANGO EMPANADO,3033,KG,0,0,19022000
3034,MIOLO DE ALCATRA EMPANADO,3034,KG,0,0,19022000
3035,LEGUMES,3035,KG,0,13.5,19022000
3036,SP PEITO DE FRANGO,3036,KG,0,0,19022000
3037,SP FRANGO DESFIADO E TEMPERADO,3037,KG,0,0,19022000
3038,SP MASSA VERDE,3038,KG,0,0,19022000
3039,SP MASSA INTEGRAL,3039,KG,0,0,19022000
3040,SP CARNE SECA,3040,KG,0,0,19022000
3041,SP RECHEIO TRES QUEIJOS AZEIT PRETA,3041,KG,0,0,19022000
3042,SP BIFE A ROLE,3042,KG,0,0,19022000
3043,SP ROCAMBOLE DE CARNE,3043,KG,0,0,19022000
3044,SP RECHEIO CREAM CHEESE PEITO DE PERU,3044,KG,0,0,19022000
3045,SP RECHEIO RIC PRES ABCX,3045,KG,0,0,19022000
3046,SP PERNIL COM OSSO,3046,KG,0,0,19022000
3047,SP FRANGO ASSADO,3047,KG,0,0,19022000
3048,SP RECHEIO RIC NOZ PASSAS,3048,KG,0,0,19022000
3049,SP RECHEIO RIC TOM SEC,3049,KG,0,0,19022000
3050,SP RECHEIO RIC ESPINAFRE,3050,KG,0,0,19022000
3051,SP RECHEIO RIC AZEIT PRETA,3051,KG,0,0,19022000
3052,SP RECHEIO TRES QUEIJOS COM RICOTA,3052,KG,0,0,19022000
3053,SP RECHEIO CREAM CHEESE,3053,KG,0,0,19022000
3054,SP RECHEIO CAMARAO PARA TORTA,3054,KG,0,0,19022000
3055,SP TALHARIM COZIDO,3055,KG,0,0,19022000
3056,SP RECHEIO TRES QUEIJOS ESPINAFRE,3056,KG,0,0,19022000
3058,SP PERNIL PARA CARNE LOUCA,3058,KG,0,0,19022000
3059,SP RECHEIO TRES QUEIJOS COM BROCOLIS,3059,KG,0,0,19022000
3060,SP TOMATE TRITURADO,3060,KG,0,0,
3061,SP MASSA INTEGRAL COZIDA,3061,KG,0,0,
3062,SP MASSA VERDE COZIDA,3062,KG,0,0,
3063,SP SUSPIRO,3063,KG,0,0,17049090
3064,SP AZEITE COMPOSTO,3064,KG,0,0,
3065,SP PURE,3065,KG,0,0,
3066,SP RECHEIO BACALHAU PARA TORTA,3066,KG,0,0,
3067,SP RECHEIO PALMITO COM CAMARAO,3067,KG,0,0,
3068,SP RECHEIO CAMARAO TESTE,3068,KG,0,0,
3788,BOBINA PAPEL TOALHA,3788,UN,0,0,
5001,ABOBORA,5001,KG,0,0,19022000
5002,ABOBRINHA,5002,KG,0,0,19022000
5003,BERINJELA,5003,KG,0,0,19022000
5004,ESCAROLA,5004,KG,0,0,19022000
5005,ESPINAFRE,5005,KG,0,0,19022000
5006,ESPINAFRE PICADO CONGELADO,5006,KG,0,0,19022000
5007,TOMATE,5007,KG,0,0,19022000
5008,CATCHUP,5008,KG,0,0,19022000
5009,BROCOLIS CONGELADO,5009,KG,0,0,7108000
5010,VAGEM,5010,KG,0,0,19022000
5011,CENOURA,5011,KG,0,0,19041000
5012,BATATA,5012,KG,0,0,19022000
5013,CHEIRO VERDE,5013,UN,0,0,21023000
5014,PIMENTAO AMARELO,5014,KG,0,0,19022000
5015,PIMENTAO VERMELHO,5015,KG,0,0,19022000
5016,PIMENTAO VERDE,5016,KG,0,0,19022000
5017,ERVILHA CONGELADA,5017,KG,0,0,7102100
5018,ALHO,5018,KG,0,0,7102100
5019,CEBOLA,5019,KG,0,0,7102100
5020,OVO,5020,KG,0,0,19041000
5021,ACUCAR REFINADO MAIS DOCE,5021,KG,1,0,19022000
5022,ACUCAR MASCAVO,5022,KG,0,0,17011300
5023,CHOCOLATE EM BARRA,5023,KG,0,0,18062000
5024,CREME DE LEITE 1KG,5024,KG,0,0,4014021
5025,CREME DE LEITE 200G,5025,KG,0,0,19022000
5026,CHOCOLATE EM PO 50% CACAU,5026,KG,0,0,18061000
5027,LEITE CONDENSADO,5027,KG,0,0,4029900
5028,LEITE DE COCO,5028,KG,0,0,20098990
5029,UVAS PASSAS,5029,KG,0,19.9,19022000
5030,GELATINA DE ABACAXI,5030,KG,0,0,21069029
5031,GELATINA DE UVA,5031,KG,0,0,20096100
5032,GELATINA DE MORANGO,5032,KG,0,0,19022000
5033,GELATINA DE LIMAO,5033,KG,0,0,19022000
5034,GELATINA INCOLOR,5034,KG,0,0,21069029
5035,ARROZ BRANCO,5035,KG,0,0,19049000
5036,FEIJAO PRETO,5036,KG,0,0,19022000
5037,FEIJAO COMUM,5037,KG,0,0,15091000
5038,CAFE,5038,KG,0,0,9012100
5039,OLEO DE SOJA,5039,KG,0,0,15079011
5040,MOLHO SHOYU 1L,5040,UN,1,0,19022000
5041,MOLHO SHOYU,5041,KG,0,0,15171000
5042,VINAGRE DE ALCOOL COLORIDO,5042,KG,0,0,19022000
5043,SARDINHAS EM OLEO,5043,KG,0,8.5,19022000
5044,ERVILHA EM CONSERVA,5044,KG,0,0,20098990
5045,MILHO EM CONSERVA,5045,KG,0,0,20098990
5046,EXTRATO DE TOMATE,5046,KG,0,0,20029090
5047,PALMITO EM CONSERVA PICADO,5047,LT,0,0,20089100
5048,AZEITONA VERDE FATIADA,5048,KG,0,0,20057000
5049,AZEITONA PRETA AZAPA,5049,KG,0,0,20057000
5050,COGUMELO FATIADO,5050,KG,0,0,20039000
5051,MAIONESE HELLMANNS,5051,KG,0,0,21039019
5052,MOLHO DE TOMATE,5052,KG,0,0,21032090
5053,CALDO DE GALINHA CUBO,5053,KG,0,0,19022000
5054,CALDO DE GALINHA,5054,KG,0,0,19022000
5055,CREME DE CEBOLA,5055,KG,0,0,19022000
5056,AZEITE 500ML,5056,KG,0,21,15091000
5057,SAL REFINADO,5057,KG,0,0,25010020
5058,BACON MANTA,5058,KG,0,0,2101200
5059,LINGUICA TIPO CALABRESA,5059,KG,0,0,20029090
5060,CERVEJA LATA,5060,KG,0,0,19022000
5061,PIMENTA CALABRESA,5061,KG,0,0,19022000
5062,OREGANO,5062,KG,0,0,19053100
5063,FARINHA DE MANDIOCA GROSSA,5063,KG,0,0,11062000
5064,FARINHA DE MILHO 1KG,5064,KG,0,7.9,11022000
5065,FARINHA DE TRIGO INTEGRAL 1KG,5065,KG,0,6.9,11010010
5066,FARINHA DE TRIGO TIPO 1 5KG,5066,KG,0,16.4,11010010
5067,PASTA DE TOMATE,5067,KG,0,0,20029090
5068,AMIDO DE MILHO,5068,KG,0,0,11081200
5069,FECULA DE BATATA,5069,KG,0,0,19022000
5070,LEITE INTEGRAL EM PO 400G,5070,KG,0,9.6,19022000
5071,GORDURA VEGETAL,5071,KG,0,0,15162000
5072,MARGARINA 80%,5072,KG,0,0,20029090
5073,NOZES,5073,KG,0,0,8023200
5074,BACALHAU DESFIADO,5074,KG,0,0,3056990
5075,PEITO DE PERU,5075,KG,0,0,16010000
5076,APRESUNTADO,5076,KG,0,0,19041000
5077,CREAM CHEESE,5077,KG,0,0,2102000
5078,REQUEIJAO CREMOSO,5078,KG,0,0,4061090
5079,MUSSARELA,5079,KG,0,0,4061010
5080,PROVOLONE P/ QUATRO QUEIJOS,5080,KG,0,0,4069020
5081,PARMESAO SCALA,5081,KG,0,0,2101200
5082,RICOTA FRESCA,5082,KG,0,0,","
5083,CAMARAO CONGELADO,5083,KG,0,0,19022000
5084,CARCACA CONGELADA S/ MIUDOS,5084,KG,0,0,19041000
5085,COSTELA SUINA SALGADA,5085,KG,0,0,19041000
5086,PERNIL SUINO SALGADO,5086,KG,0,0,19022000
5087,PES SUINOS SALGADOS,5087,KG,0,0,19022000
5088,BACON CUBOS,5088,KG,0,0,2101200
5089,FILE DE PEITO,5089,KG,0,0,2071300
5090,LOMBO SUINO,5090,KG,0,0,2032900
5091,PERNIL INJETADO TENDER,5091,KG,0,0,19022000
5092,LEITE INTEGRAL,5092,KG,0,0,4012010
5093,MACA,5093,KG,0,0,19022000
5094,SALSAO,5094,KG,0,0,19022000
5095,COUVE,5095,UN,0,0,19022000
5096,ABACAXI,5096,KG,0,0,19022000
5097,BACALHAU,5097,KG,0,0,19022000
5098,BATATA PALHA,5098,KG,0,0,19022000
5099,AGUA,5099,KG,0,0,19022000
5100,BICARBONATO DE SODIO,5100,KG,0,0,19022000
5101,CANELA,5101,KG,0,0,19022000
5102,CARNE MOIDA,5102,KG,0,0,2013000
5103,CARNE SECA,5103,KG,0,0,9012100
5104,COSTELINHA SERRADA SUINA,5104,KG,0,0,2032900
5105,BUCHO,5105,KG,0,0,2013000
5106,FARINHA DE ROSCA,5106,KG,0,0,19022000
5107,FILE DE MERLUZA,5107,KG,0,0,19022000
5108,FILE MIGNON,5108,KG,0,0,19022000
5109,FOLHA DE LOURO,5109,UN,0,0,19022000
5110,FUMACA LIQUIDA,5110,UN,0,0,19022000
5111,QUEIJO GORGONZOLA,5111,KG,0,0,4064000
5112,LAGARTO,5112,KG,0,0,2013000
5113,MANJERICAO,5113,UN,0,0,19022000
5114,MIOLO DE ALCATRA,5114,KG,0,0,19022000
5115,NOZ MOSCADA,5115,KG,0,0,19022000
5116,PALETA,5116,KG,0,0,2013000
5117,PAO FRANCES,5117,KG,0,0,19022000
5118,PAO DE FORMA,5118,UN,0,0,19022000
5119,PERNIL COM OSSO,5119,KG,0,0,19022000
5120,PERNIL SEM OSSO,5120,KG,0,0,2031900
5121,FERMENTO EM PO,5121,KG,0,0,21023000
5122,SABOR AMI,5122,KG,0,0,21039029
5123,AMEIXA,5123,KG,0,0,19022000
5124,ABACAXI EM CALDA,5124,KG,0,0,19022000
5125,PONTA DE ALCATRA,5125,KG,0,0,2013000
5126,DOACAO,5126,0,0,,
5127,ANGELATTO TORTA HOLANDESA PEQUENA,5127,UN,1,5.99,19022000
5128,PARMESAO P/ QUATRO QUEIJOS,5128,KG,0,0,4064000
5129,PARMESAO VALEZA,5129,KG,1,0,19022000
5147,MANDIOCA,5147,KG,0,0,11062000
5148,DETERGENTE,5148,KG,0,0,15079011
5149,MUSSARELA FRESCA BOLINHA,5149,PCT,0,0,4061010
5150,GELEIA DE PIMENTA,5150,LT,0,0,20079910
5151,PALMITO INTEIRO,5151,LT,0,0,20089100
5152,ESPONJA LAVA LOUCAS,5152,UN,0,0,
5153,LA DE ACO,5153,UN,0,0,
5154,MANDIOQUINHA,5154,KG,0,0,
5155,BETERRABA,5155,KG,0,0,
5156,SACO PLASTICO CRISTAL,5156,KG,0,0,
5157,PAPEL ALUMINIO,5157,UN,0,0,
5158,LUVA DE VINIL,5158,UN,0,0,
5159,FILME DE PVC,5159,UN,0,0,39204390
5160,PANO MULTIUSO,5160,UN,0,0,
5161,EMBALAGEM DE ALUMINIO D6 500ML,5161,UN,0,2.5,76071110
5162,EMBALAGEM DE ALUMINIO D7 750ML,5162,UN,0,2.99,76071110
5163,EMBALAGEM DE ALUMINIO D5 1150ML,5163,UN,0,3.99,76071990
5164,EMBALAGEM DE ALUMINIO D8 1500ML,5164,UN,0,0,76071110
5165,PAPEL INTERFOLHA,5165,UN,0,0,","
5166,ALCOOL LIQUIDO 70,5166,UN,0,0,22089000
5167,DESINFETANTE,5167,UN,0,0,
5168,LUVA DE LIMPEZA,5168,UN,0,0,19022000
5169,POTE REDONDO COM TAMPA 250ML,5169,UN,0,1.5,39239000
5170,POTE REDONDO COM TAMPA 500ML,5170,UN,0,1.99,
5171,POTE REDONDO COM TAMPA 1000ML,5171,UN,0,3.4,
5172,TOUCA,5172,UN,0,0,65050090
5173,POTE RETANGULAR COM TAMPA 500ML,5173,UN,0,3,19041000
5174,POTE RETANGULAR COM TAMPA 1000ML,5174,UN,0,5.5,39239000
5175,BANDEJA ISOPOR M01,5175,UN,0,0,39239000
5176,BANDEJA ISOPOR M03,5176,UN,0,0,39239000
5177,BANDEJA ISOPOR M04,5177,UN,0,0,39239000
5178,BANDEJA ISOPOR M07,5178,UN,0,0,39239000
5179,BANDEJA ISOPOR M54,5179,UN,0,0,39239000
5180,BANDEJA ISOPOR M64,5180,UN,0,0,39239000
5181,PRATO MP19,5181,UN,0,0,39239000
5182,PRATO MP21,5182,UN,0,0,19022000
5183,PRATO MP25,5183,UN,0,0,39239000
5184,PRATO MP28,5184,UN,0,0,
5185,PARMESAO RALADO PUCON,5185,KG,0,0,4064000
5186,GARRAFA PLASTICA 200ML,5186,UN,0,0,39233000
5187,GARRAFA PLASTICA 500ML,5187,UN,0,0,39233000
5188,TAMPA GARRAFAS PLASTICAS,5188,UN,0,0,39235000
5189,EMBALAGEM K-89,5189,UN,0,0,39239000
5190,TAMPA SELO K-89 K-67,5190,UN,0,0,39235000
5191,EMBALAGEM K-51,5191,UN,0,0,39239000
5192,TAMPA SELO K-51,5192,UN,0,0,
5193,EMBALAGEM K-67,5193,UN,0,0,
5194,EMBALAGEM K-27,5194,UN,0,0,
5195,TAMPA SELO K-27,5195,UN,0,0,
5196,EMBALAGEM K-121,5196,UN,0,0,21050010
5197,EMBALAGEM K-151,5197,UN,0,0,21050010
5198,TAMPA SELO K-121 K-151,5198,UN,0,0,
5199,EMBALAGEM K-170,5199,UN,0,0,21050010
5200,TAMPA SELO K-170,5200,UN,0,0,39235000
5201,EMBALAGEM PRATO 6,5201,UN,0,0,39239000
5202,EMBALAGEM PUDIM MEDIO,5202,UN,0,0,39239000
5203,TAMPA SELO PUDIM MEDIO PRATO 6,5203,UN,0,0,
5204,EMBALAGEM PUDIM GRANDE,5204,UN,0,0,39239000
5205,TAMPA SELO PUDIM GRANDE,5205,UN,0,0,
5206,EMBALAGEM PUDIM INDIVIDUAL,5206,UN,0,0,
5207,TAMPA SELO PUDIM INDIVIDUAL,5207,UN,0,0,
5208,SACOLA PLASTICA GRANDE 40X50,5208,UN,0,0,25010020
5209,SACOLA PLASTICA PEQUENA 30X40,5209,UN,0,0,39232990
5210,PARMESAO FORMA COMUM,5210,KG,0,0,4069010
5211,COPO PLASTICO,5211,UN,0,0,39241000
5212,AVENTAL PLASTICO,5212,UN,0,0,39249000
5213,SACO DE LIXO,5213,KG,0,0,39232910
5214,PALITO DE DENTES,5214,UN,0,0,44219900
5215,CHANTY MIX,5215,KG,0,0,21069090
5216,ACUCAR REFINADO,5216,KG,0,0,17019900
5217,LEITE MOCA,5217,KG,0,0,4029900
5218,EMBALAGEM G-40 PUDIM,5218,UN,0,0,39239000
5219,SACO A VACUO 20X30,5219,UN,0,0,
5220,SACO A VACUO 22X32,5220,UN,0,0,39232190
5221,SACO A VACUO 25X35,5221,UN,0,0,39232190
5222,SABAO DE COCO,5222,KG,0,0,
5223,CLORO LIQUIDO,5223,KG,0,0,
5224,LAVA PISO COM FIBRA,5224,UN,0,0,
5225,PASSA CERA,5225,UN,0,0,
5226,SABAO EM PEDRA,5226,KG,0,0,34011900
5227,FIBRA,5227,UN,0,0,
5228,GARRAFA PLASTICA 300ML,5228,UN,0,0,39233000
5229,PROVOLONE VALE ORIZONA,5229,KG,1,0,4069020
5230,SABAO EM PO,5230,KG,0,0,18069000
5231,GOMA,5231,KG,0,0,
5232,PAPEL HIGIENICO,5232,UN,0,0,48181000
5233,BANDEJA ISOPOR M0100,5233,UN,0,0,39239000
5234,SALAME,5234,KG,0,0,
5235,BANDEJA ISOPOR CRL-003,5235,UN,0,0,39239000
5236,VEJA,5236,UN,0,0,
5237,AGUA SANITARIA,5237,KG,0,0,
5238,CHUCHU,5238,KG,0,0,
5239,CANUDOS PLASTICOS,5239,UN,0,0,
5240,GARFOS PLASTICOS,5240,UN,0,0,
5241,COPO PLASTICO CAFE,5241,UN,0,0,
5242,COLHER PLASTICA,5242,UN,0,0,
5243,MOSTARDA,5243,KG,0,0,
5244,LIMAO,5244,KG,0,0,
5245,BOBINA PICOTADA 35X50,5245,UN,0,0,
5246,BARBANTE,5246,UN,0,0,
5247,BOBINA PICOTADA 20X30,5247,KG,0,0,
5248,SUPORTE INTERFOLHA,5248,UN,0,0,
5249,MANTEIGA,5249,UN,0,0,
5250,COXA E SOBRECOXA DE FRANGO,5250,KG,0,0,2071300
5251,LIMPA ALUMINIO,5251,KG,0,0,
5252,SODA ESCAMA,5252,KG,0,0,
5253,PAIO,5253,KG,0,0,16010000
5254,ESPETO PARA PETISCO,5254,UN,0,0,
5255,QUEIJO BRIE,5255,KG,0,0,4064000
5256,DAMASCO TURCO,2.53E+16,KG,0,32.9,20086010
5257,POTE PARA DEGUSTACAO,5257,UN,0,0,
5258,GUARDANAPO DE PAPEL,5258,UN,0,0,
5259,LUSTRA MOVEIS,5259,UN,0,0,
5260,SUPER BONDER,5260,UN,0,0,
5261,BOBINA PICOTADA 30X40,5261,KG,0,0,
5262,FUBA,5262,KG,0,0,
5263,PERU.,5263,KG,0,0,
5264,TENDER BOLINHA.,5264,KG,0,0,16024900
5265,POLPA DE FRUTAS VERMELHAS,5265,KG,0,0,20079990
5266,CEREJA,5266,KG,0,0,20086010
5267,FRUTAS CRISTALIZADAS,5267,KG,0,0,20060000
5268,COCO RALADO,5268,KG,0,0,8011100
5269,CIF,5269,UN,0,0,
5270,INSETICIDA,5270,UN,0,0,
5271,EMBALAGEM TAMPA FIXA 500ML,5271,UN,1,0,
5272,EMBALAGEM TAMPA FIXA 250ML,5272,UN,1,0,
5273,PERA,5273,KG,0,0,
5274,CRAVO DA INDIA,5274,KG,0,0,
5275,SUCO DE LARANJA,5275,KG,0,0,
5277,PESSEGO EM CALDA,5277,KG,0,0,
5278,EMBALAGEM GA-92,5278,UN,0,3.99,
5279,MEL,5279,KG,0,0,
5280,OVOS DE CODORNA,5280,KG,0,0,
5281,EMBALAGEM GA-88,5281,UN,0,2.5,39239000
5282,RABO BOVINO,5282,KG,0,0,
5283,LINGUA BOVINA,5283,KG,0,0,
5284,EMBALAGEM GA-90,5284,UN,0,2.99,39239000
5285,DOURADA,5285,KG,0,0,
5286,CABO PARA VASSOURA,5286,UN,0,0,
5287,RODO 40CM,5287,UN,0,0,
5288,RODO 60CM,5288,UN,0,0,
5289,POTE COM TAMPA,5289,UN,1,0,
5290,CALDO DE CAMARAO,5290,KG,0,0,
5291,REPOLHO,5291,KG,0,0,
5292,BACON FATIADO,5292,KG,0,0,2101200
5293,PARMESAO RALADO VALEZA,5293,KG,0,0,4062000
5294,ALCOOL GEL SUPORTE,5294,UN,0,0,22089000
5295,ALCOOL GEL RECHAUD,5295,KG,0,0,
5296,POTE REDONDO COM TAMPA 150ML,5296,UN,0,0,
5297,ASPARGO,5297,KG,0,0,
5298,RABO SUINO,5298,KG,0,0,
5299,TOMATE CEREJA,5299,KG,0,0,
5300,PATINHO MOIDO,5300,KG,0,0,2013000
5301,MUSCULO,5301,KG,0,0,
5302,FUNGHI,5302,KG,0,0,7123100
5303,PROTEINA DE SOJA,5303,KG,0,0,
5304,EMBALAGEM G-32,5304,UN,0,0,
5305,SACO GELADINHO,5305,UN,0,0,
5306,LARANJA,5306,KG,0,0,
5307,GRANULADO,5307,KG,0,0,18069000
5308,CHOCOLATE BRANCO,5308,UN,0,0,
5309,CANJICA BRANCA,5309,UN,0,0,
5310,PACOCA ROLHA,5310,UN,0,0,
5311,ESSENCIA DE BAUNILHA 30ML,5311,UN,0,0,
5312,CARVAO VEGETAL,5312,KG,0,0,
5313,NESCAFE SOLUVEL,5313,UN,0,0,
5314,AMENDOIM GRANULADO SEM SAL 1KG,5314,KG,0,0,20081100
5315,SACO DE PAPEL 5KG PCT C/ 500,5315,UN,0,0,
5316,MATA BARATA ISCA,5316,UN,0,0,20049000
5317,DOCE DE LEITE BISNAGA,5317,KG,0,0,
5318,AVE TIPO FIESTA,5318,KG,0,0,2071200
5319,COPO ISOPOR DEGUSTACAO,5319,UN,0,0,21050010
5320,DESINCRUSTANTE,5320,UN,0,0,34021190
5321,ESPETOS DE MADEIRA,5321,UN,0,0,
5322,FACAS PLASTICAS,5322,UN,0,0,
5323,EMBALAGEM GA-94,5323,UN,0,0,39239000
5324,PALMITO SAVANA RODELA 1800G,7.90E+17,UN,0,29.9,20089100
5325,PALMITO SAVANA TOLETE 1800G,5325,UN,0,45.9,20089100
5326,MO600  SEM TP 01X100 -.,5326,UN,0,0,39239000
5327,EMBALAGEM DE ALUMINIO D9 2000ML,5327,UN,0,0,76071110
5328,PILHA,5328,UN,0,0,
5329,POTE REDONDO COM TAMPA 100ML,5329,UN,0,0,
5330,ANTI MOFO,5330,UN,0,0,
5331,FRUTAS VERMELHAS CONGELADAS,5331,KG,0,0,8119000
5332,SACOLA PLASTICA 42X53,5332,UN,0,0,39232190
5333,ATUM RALADO,5333,KG,0,0,
5334,EMBALAGEM GALVANOTEK G-60,5334,UN,0,0,39239000
5335,QUEIJO MUSSARELA RONI,5335,KG,0,14.99,4061010
5336,QUEIJO MUSSARELA SUDOESTE,5336,KG,0,15.95,4061010
5337,TAMPA POTE 150ML,5337,UN,0,0,
5338,TAMPA POTE 250ML,5338,UN,0,0,
5339,VASSOURA,5339,UN,0,0,
5340,MELHORADOR DE FARINHA,5340,UN,0,0,
5341,LUVA NITRILICA,5341,UN,0,0,
5342,SOLUPAN,5342,GL,0,0,
5343,VENENO DE RATO,5343,UN,0,0,
5344,FOLHA PICOTADA 30X40,5344,UN,0,0,
5345,BANDEJA S-18,5345,UN,0,0,
5346,CLORO GEL,5346,GL,0,0,
5347,FILTRO DE CAFE,5347,UN,0,0,
5348,VELA,5348,UN,0,0,34060000
5349,BANDEJA ISOPOR B-20,5349,UN,0,0,
5350,ARCOR PANETONE RECH PACOCA,7.90E+17,UN,0,24.5,19052010
5351,TRIUNFO PANETONE RECH CHOCOLATE,7.90E+17,UN,0,21.9,19052010
5352,TRIUNFO PANETONE FRUTAS,7.90E+17,UN,0,15.9,19052010
5353,TRIUNFO PANETONE GOTAS DE CHOCOLATE,7.90E+17,UN,0,15.9,19052010
5354,FILE MIGNON SUINO,5354,KG,0,0,
5376,PET MOGI MACA 250ML,7.90E+17,UN,0,1.5,22021000
5377,FILE DE TILAPIA,5377,KG,0,0,
5378,REMOVEDOR,5378,UN,0,0,
6100,CANELONE INT RIC ESP,6100,KG,0,31.9,19022000
6101,CANELONE INT PRES MUSS,6101,KG,0,31.9,19022000
6102,CANELONE INT 4 QUEIJOS,6102,KG,0,31.9,19022000
6103,CANELONE INT FRAGO MUSS REQ,6103,KG,0,31.9,19022000
6104,CANELONE INT 4Q TOM SEC,6104,KG,0,31.9,19022000
6105,CANELONE INT 4Q ESPINAFRE,6105,KG,0,31.9,19022000
6106,CANELONE INT 4Q AZEIT PRETA,6106,KG,0,31.9,19022000
6107,CANELONE INT PIZZA,6107,KG,0,31.9,19022000
6108,CANELONE INT RICOTA,6108,KG,0,31.9,19022000
6109,CANELONE INT RIC NOZ UVAS PASSAS,6109,KG,0,39.9,19022000
6110,CANELONE INT RIC TOM SECO,6110,KG,0,31.9,19022000
6111,CANELONE INT RIC NOZES,6111,KG,0,39.9,19022000
6112,CANELONE INT ABOB CARNE SECA,6112,KG,0,39.9,19022000
6113,CANELONE INT RIC AZEIT PRETA,6113,KG,0,31.9,19022000
6114,CANELONE INT RIC PRES ABCX,6114,KG,0,39.9,19022000
6115,CANELONE INT 4Q NOZES,6115,KG,0,39.9,19022000
6116,CANELONE INT RECHEIO ESPECIAL,6116,KG,0,39.9,19022000
6117,CANELONE INT CREAM C PEITO PERU,6117,KG,0,39.9,19022000
6118,CANELONE INT CREAM CHEESE,6118,KG,0,39.9,19022000
6119,CANELONE INT 4Q NOZ UVAS PASSAS,6119,KG,0,39.9,19022000
6120,CANELONE INT ABOBORA,6120,KG,0,31.9,19022000
6300,RONDELE INT RIC ESPINAFRE,6300,KG,0,31.9,19022000
6301,RONDELE INT PRES MUSS,6301,KG,0,31.9,19022000
6302,RONDELE INT 4QUEIJOS,6302,KG,0,31.9,19022000
6303,RONDELE INT FRANGO MUSS REQ,6303,KG,0,31.9,19022000
6304,RONDELE INT 4Q TOM SECO,6304,KG,0,31.9,19022000
6305,RONDELE INT 4Q ESPINAFRE,6305,KG,0,31.9,19022000
6306,RONDELE INT 4Q AZEIT PRETA,6306,KG,0,31.9,19022000
6307,RONDELE INT PIZZA,6307,KG,0,31.9,19022000
6308,RONDELE INT RICOTA,6308,KG,0,31.9,19022000
6309,RONDELE INT RIC NOZ UVAS PASSAS,6309,KG,0,39.9,19022000
6310,RONDELE INT RIC TOM SECO,6310,KG,0,31.9,19022000
6311,RONDELE INT RIC NOZES,6311,KG,0,39.9,19022000
6313,RONDELE INT RIC AZEIT PRETA,6313,KG,0,31.9,19022000
6315,RONDELE INT 4Q NOZES,6315,KG,0,39.9,19022000
6319,RONDELE INT 4Q NOZ UVAS PASSAS,6319,KG,0,39.9,19022000
6400,SOFIATELI INT RIC ESP,6400,KG,0,31.9,19022000
6401,SOFIATELI INT PRES MUSS,6401,KG,0,31.9,19022000
6402,SOFIATELI INT 4QUEIJOS,6402,KG,0,31.9,19022000
6403,SOFIATELI INT FRANGO MUSS REQ,6403,KG,0,31.9,19022000
6404,SOFIATELI INT 4Q TOM SECO,6404,KG,0,31.9,19022000
6405,SOFIATELI INT 4Q ESPINAFRE,6405,KG,0,31.9,19022000
6406,SOFIATELI INT 4Q AZEIT PRETA,6406,KG,0,31.9,19022000
6407,SOFIATELI INT PIZZA,6407,KG,0,31.9,19022000
6408,SOFIATELI INT RICOTA,6408,KG,0,31.9,19022000
6409,SOFIATELI INT RIC NOZ UVAS PASSAS,6409,KG,0,39.9,19022000
6410,SOFIATELI INT RIC TOM SECO,6410,KG,0,31.9,19022000
6411,SOFIATELI INT RIC NOZES,6411,KG,0,39.9,19022000
6412,SOFIATELI INT ABOB CARNE SECA,6412,KG,0,39.9,19022000
6413,SOFIATELI INT RIC AZEIT PRETA,6413,KG,0,31.9,19022000
6414,SOFIATELI INT RIC PRES ABCX,6414,KG,0,39.9,19022000
6415,SOFIATELI INT 4Q NOZES,6415,KG,0,39.9,19022000
6416,SOFIATELI INT RECHEIO ESPECIAL,6416,KG,0,39.9,19022000
6417,SOFIATELI INT CREAM C PEITO PERU,6417,KG,0,39.9,19022000
6418,SOFIATELI INT CREAM CHEESE,6418,KG,0,39.9,19022000
6419,SOFIATELI INT 4Q NOZ UVAS PASSAS,6419,KG,0,39.9,19022000
6420,SOFIATELI INT ABOBORA,6420,KG,0,31.9,19022000
7000,RAVIOLEIRA,7000,UN,0,0,84381000
7100,CANELONE MV RIC ESPINAFRE,7100,KG,0,31.9,19022000
7101,CANELONE MV PRES MUSS,7101,KG,0,31.9,19022000
7102,CANELONE MV 4QUEIJOS,7102,KG,0,31.9,19022000
7103,CANELONE MV FRANGO MUSS REQ,7103,KG,0,31.9,19022000
7104,CANELONE MV 4Q TOM SECO,7104,KG,0,31.9,19022000
7105,CANELONE MV 4Q ESPINAFRE,7105,KG,0,31.9,19022000
7106,CANELONE MV 4Q AZEIT PRETA,7106,KG,0,31.9,19022000
7107,CANELONE MV PIZZA,7107,KG,0,31.9,19022000
7108,CANELONE MV RICOTA,7108,KG,0,31.9,19022000
7109,CANELONE MV RIC NOZ UVAS PASSAS,7109,KG,0,39.9,19022000
7110,CANELONE MV RIC TOM SECO,7110,KG,0,31.9,19022000
7111,CANELONE MV RIC NOZES,7111,KG,0,39.9,19022000
7112,CANELONE MV ABOB CARNE SECA,7112,KG,0,39.9,19022000
7113,CANELONE MV RIC AZEIT PRETA,7113,KG,0,31.9,19022000
7115,CANELONE MV 4Q NOZES,7115,KG,0,39.9,19022000
7117,CANELONE MV CREAM C PEITO PERU,7117,KG,0,39.9,19022000
7118,CANELONE MV CREAM CHEESE,7118,KG,0,39.9,19022000
7300,RONDELE MV RIC ESPINAFRE,7300,KG,0,31.9,19022000
7301,RONDELE MV PRES MUSS,7301,KG,0,31.9,19022000
7302,RONDELE MV 4QUEIJOS,7302,KG,0,31.9,19022000
7303,RONDELE MV FRANGO MUSSA REQ,7303,KG,0,31.9,19022000
7304,RONDELE MV 4Q TOM SECO,7304,KG,0,31.9,19022000
7305,RONDELE MV 4Q ESPINAFRE,7305,KG,0,31.9,19022000
7306,RONDELE MV 4Q AZEIT PRETA,7306,KG,0,31.9,19022000
7307,RONDELE MV PIZZA,7307,KG,0,31.9,19022000
7308,RONDELE MV RICOTA,7308,KG,0,31.9,19022000
7309,RONDELE MV RIC NOZ UVAS PASSAS,7309,KG,0,39.9,19022000
7310,RONDELE MV RIC TOM SECO,7310,KG,0,31.9,19022000
7311,RONDELE MV RIC NOZES,7311,KG,0,39.9,19022000
7313,RONDELE MV RIC AZEIT PRETA,7313,KG,0,39.9,19022000
7315,RONDELE MV 4Q NOZES,7315,KG,0,39.9,19022000
7319,RONDELE MV 4Q NOZ UVAS PASSAS,7319,KG,0,39.9,19022000
7400,SOFIATELI MV RIC ESPINAFRE,7400,KG,0,31.9,19022000
7401,SOFIATELI MV PRES MUSS,7401,KG,0,31.9,19022000
7402,SOFIATELI MV 4QUEIJOS,7402,KG,0,31.9,19022000
7403,SOFIATELI MV FRANGO MUSS REQ,7403,KG,0,31.9,19022000
7404,SOFIATELI MV 4Q TOM SECO,7404,KG,0,31.9,19022000
7405,SOFIATELI MV 4Q ESPINAFRE,7405,KG,0,31.9,19022000
7406,SOFIATELI MV 4Q AZEIT PRETA,7406,KG,0,31.9,19022000
7407,SOFIATELI MV PIZZA,7407,KG,0,31.9,19022000
7408,SOFIATELI MV RICOTA,7408,KG,0,31.9,19022000
7409,SOFIATELI MV RIC NOZ UVAS PASSAS,7409,KG,0,39.9,19022000
7410,SOFIATELI MV RIC TOM SECO,7410,KG,0,31.9,19022000
7411,SOFIATELI MV RIC NOZES,7411,KG,0,39.9,19022000
7413,SOFIATELI MV RIC AZEIT PRETA,7413,KG,0,31.9,19022000
7417,SOFIATELI MV CREAM C PEITO PERU,7417,KG,0,39.9,19022000
8003,ABOBRINHA PROMOCAO,8003,KG,0,15.45,
8005,BERINJELA SECA PROMOCAO,8005,KG,0,21,
8006,ANTEPASTO PROMOCAO,8006,KG,0,14.95,
8007,SARDELA PROMOCAO,8007,KG,0,20.95,
8008,MAIONESE PROMOCAO,8008,KG,0,11.45,
8009,SALPICAO PROMOCAO,8009,KG,0,12.25,
8018,CUSCUZ PROMOCAO,8018,KG,0,13.25,
8030,PANQUECA CARNE PROMOCAO,8030,KG,0,21,
8031,PANQUECA PRES MUSS PROMOCAO,8031,KG,0,19.45,
8032,PANQUECA 4QUEIJOS PROMOCAO,8032,KG,0,19.45,
8033,PANQUECA FRANGO PROMOCAO,8033,KG,0,19.45,
8039,PUDIM DA CASA PROMOCAO,8039,KG,0,13.45,
8049,FAROFA SALGADA PROMOCAO,8049,KG,0,15.95,
8050,ALMONDEGA PROMOCAO,8050,KG,0,36.5,
8051,LAGARTO FATIADO PROMOCAO,8051,KG,0,47.5,
8052,DOBRADINHA PROMOCAO,8052,KG,0,34.5,
8060,BIFE ROLE PROMOCAO,8060,KG,0,36.5,
8066,FILE BOVINO PARMEGIANA PROMOCAO,8066,KG,0,43.9,
8067,FILE FRANGO PARMEGIANA PROMOCAO,8067,KG,0,33.8,
8069,ESCONDIDINHO CARNE SECA PROMOCAO,8069,KG,0,17.95,
8070,CARNE LOUCA BOVINA PROMOCAO,8070,KG,0,24.45,
8071,CARNE LOUCA SUINA PROMOCAO,8071,KG,0,30.9,
8091,BATATONESE PROMOCAO,8091,KG,0,11.45,
8098,FAROFA SOJA PROMOCAO,8098,KG,0,14.75,
8100,CANEL CONG RIC ESPINAFRE,8100,KG,0,27.12,19022000
8101,CANEL CONG PRES MUSSA,8101,KG,0,27.12,19022000
8102,CANEL CONG 4QUEIJOS,8102,KG,0,27.12,19022000
8103,CANEL CONG FRANGO MUSS REQ,8103,KG,0,27.12,19022000
8104,CANEL CONG 4Q TOM SECO,8104,KG,0,27.12,19022000
8105,CANEL CONG 4Q ESPINAFRE,8105,KG,0,27.12,19022000
8106,CANEL CONG 4Q AZEIT PRETA,8106,KG,0,27.12,19022000
8107,CANEL CONG PIZZA,8107,KG,0,27.12,19022000
8108,CANEL CONG RICOTA,8108,KG,0,27.12,19022000
8109,CANEL CONG RIC NOZ UVAS PASSAS,8109,KG,0,33.92,19022000
8110,CANEL CONG RIC TOM SECO,8110,KG,0,27.12,19022000
8111,CANEL CONG RIC NOZES,8111,KG,0,33.92,19022000
8112,CANEL CONG ABOB CARNE SECA,8112,KG,0,33.92,19022000
8113,CANEL CONG RIC AZEIT PRETA,8113,KG,0,27.12,19022000
8114,CANEL CONG RIC PRES ABCX,8114,KG,0,33.92,19022000
8115,CANEL CONG 4Q NOZES,8115,KG,0,33.92,19022000
8116,CANEL CONG BRIE DAMASCO RICOTA,8116,KG,0,33.92,
8117,CANEL CONG C CHEESE P PERU,8117,KG,0,33.92,19022000
8118,CANEL CONG CREAM CHEESE,8118,KG,0,33.92,19022000
8119,CANEL CONG 4Q NOZ UVAS PASSAS,8119,UN,0,33.92,19022000
8120,CANEL CONG ABOBORA,8120,KG,0,27.12,19022000
8201,LASANHA CONG PRES MUSSARELA,8201,KG,0,27.12,19022000
8202,LASANHA CONG 4 QUEIJOS,8202,KG,0,27.12,19022000
8203,LASANHA CONG FRANGO MUSS REQ,8203,KG,0,27.12,19022000
8204,LASANHA CONG ESCAROLA TOM SECO,8204,KG,0,27.12,19022000
8205,LASANHA CONG ESPINAFRE,8205,KG,0,27.12,19022000
8206,LASANHA CONG BOLONHESA,8206,KG,0,27.12,19022000
8207,LASANHA CONG ABOB CARNE SECA,8207,KG,0,27.12,19022000
8208,LASANHA CONG BACALHAU,8208,KG,0,36.47,19022000
8209,LASANHA CONG BOLONHESA COMPLETA,8209,KG,0,27.12,19022000
8300,ROND CONG RIC ESPINAFRE,8300,KG,0,27.12,19022000
8301,ROND CONG PRES MUSSARELA,8301,KG,0,27.12,19022000
8302,ROND CONG QUATRO QUEIJOS,8302,KG,0,27.12,19022000
8303,ROND CONG FRANGO MUSS REQUEIJAO,8303,KG,0,27.12,19022000
8304,ROND CONG 4Q TOM SECO,8304,KG,0,27.12,19022000
8305,ROND CONG 4Q ESPINAFRE,8305,KG,0,27.12,19022000
8306,ROND CONG 4Q AZEIT PRETA,8306,KG,0,27.12,19022000
8307,ROND CONG PIZZA,8307,KG,0,27.12,19022000
8308,ROND CONG RICOTA,8308,KG,0,27.12,19022000
8309,ROND CONG RIC NOZ UVAS PASSAS,8309,KG,0,33.92,19022000
8310,ROND CONG RIC TOMATE SECO,8310,KG,0,27.12,19022000
8311,ROND CONG RIC NOZES,8311,KG,0,33.92,19022000
8313,ROND CONG RIC AZEIT PRETA,8313,KG,0,27.12,19022000
8314,ROND CONG RIC PRES ABCX,8314,KG,0,33.92,19022000
8315,ROND CONG 4Q NOZES,8315,KG,0,33.92,19022000
8319,ROND CONG 4Q NOZ UVAS PASSAS,8319,KG,0,33.92,19022000
8400,SOFIAT CONG RIC ESPINAFRE,8400,KG,0,27.12,19022000
8401,SOFIAT CONG PRES MUSSARELA,8401,KG,0,27.12,19022000
8402,SOFIAT CONG QUATRO QUEIJOS,8402,KG,0,27.12,19022000
8403,SOFIAT CONG FRANGO MUSS REQ,8403,KG,0,27.12,19022000
8404,SOFIAT CONG 4Q TOM SECO,8404,KG,0,27.12,19022000
8405,SOFIAT CONG 4Q ESPINAFRE,8405,KG,0,27.12,19022000
8406,SOFIAT CONG 4Q AZEIT PRETA,8406,KG,0,27.12,19022000
8407,SOFIAT CONG PIZZA,8407,KG,0,27.12,19022000
8408,SOFIAT CONG RICOTA,8408,KG,0,27.12,19022000
8409,SOFIAT CONG RIC NOZ UVAS PASSAS,8409,KG,0,33.92,19022000
8410,SOFIAT CONG RIC TOM SECO,8410,KG,0,27.12,19022000
8411,SOFIAT CONG RIC NOZES,8411,KG,0,33.92,19022000
8412,SOFIAT CONG ABOB CARNE SECA,8412,KG,0,33.92,19022000
8413,SOFIAT CONG RIC AZEIT PRETA,8413,KG,0,27.12,19022000
8414,SOFIAT CONG RIC PRES ABCX,8414,KG,0,33.92,19022000
8415,SOFIAT CONG 4Q NOZES,8415,KG,0,33.92,19022000
8416,SOFIAT CONG BRIE DAM RIC,8416,KG,0,33.92,19022000
8417,SOFIAT CONG C CHEESE P PERU,8417,KG,0,33.92,19022000
8418,SOFIAT CONG CREAM CHEESE,8418,KG,0,33.92,19022000
8419,SOFIAT CONG 4Q NOZ UVAS PASSAS,8419,KG,0,33.92,19022000
8420,SOFIAT CONG ABOBORA,8420,KG,0,27.12,19022000
8458,NHOQUE BAT BOL PROMOCAO,8458,KG,0,11.45,
8459,NHOQUE AO SUGO PROMOCAO,8459,KG,0,8.95,2071300
8500,CONCHI CONG RIC ESPINAFRE,8500,KG,0,27.12,19022000
8501,CONCHI CONG PRES MUSSARELA,8501,KG,0,27.12,19022000
8502,CONCHI CONG QUATRO QUEIJOS,8502,KG,0,27.12,19022000
8503,CONCHI CONG FRANGO MUSS REQUEIJAO,8503,KG,0,27.12,19022000
8504,CONCHI CONG 4Q TOM SECO,8504,KG,0,27.12,19022000
8505,CONCHI CONG 4Q ESPINAFRE,8505,KG,0,27.12,19022000
8506,CONCHI CONG 4Q AZEIT PRETA,8506,KG,0,27.12,19022000
8507,CONCHI CONG PIZZA,8507,KG,0,27.12,19022000
8508,CONCHI CONG RICOTA,8508,KG,0,27.12,19022000
8509,CONCHI CONG RIC NOZ UVAS PASSAS,8509,KG,0,33.92,19022000
8510,CONCHI CONG RIC TOMATE SECO,8510,KG,0,27.12,19022000
8511,CONCHI CONG RIC NOZES,8511,KG,0,33.92,19022000
8512,CONCHI CONG ABOBORA CARNE SECA,8512,KG,0,33.92,19022000
8513,CONCHI CONG RIC AZEIT PRETA,8513,KG,0,27.12,19022000
8514,CONCHI CONG RIC PRES ACBX,8514,KG,0,33.92,19022000
8515,CONCHI CONG 4QUEIJOS NOZES,8515,KG,0,33.92,19022000
8516,CONCHI CONG RECHEIO ESPECIAL,8516,KG,0,33.92,19022000
8517,CONCHI CONG C CHEESE P PERU,8517,KG,0,33.92,19022000
8518,CONCHI CONG CREAM CHEESE,8518,KG,0,33.92,19022000
8519,CONCHI CONG 4Q NOZ UVAS PASSAS,8519,KG,0,33.92,19022000
8520,CONCHI CONG ABOBORA,8520,KG,0,27.12,19022000
8600,NHOQUE DE BAT PROMOCAO,8600,KG,0,6.75,
8601,NHOQUE RECH CONG PRES MUSSARELA,8601,KG,0,27.12,19022000
8602,NHOQUE RECH CONG 4QUEIJOS,8602,KG,0,27.12,19022000
8604,GELATINA COLORIDA PROMOCAO,8604,KG,0,14.95,
8605,PUDIM LEITE CONDENSADO PROMOCAO,8605,KG,0,13.45,
8606,STROGONOFF CHOCOLATE PROMOCAO,8606,KG,0,17.45,
8607,PUDIM CASA PEQ PROMOCAO,8607,UN,0,2,
8608,PUDIM LEITE COND PEQ PROMOCAO,8608,UN,0,2,
8613,BRIGADEIRAO PROMOCAO,8613,KG,0,15,
8614,BOLO CHARGE PROMOCAO,8614,KG,0,13.5,
8615,BOLO STROG CHOC PROMOCAO,8615,KG,0,13.5,
8616,BOLO ABACAXI PROMOCAO,8616,KG,0,13.5,
8617,PUDIM COCO MINI PROMOCAO,8617,UN,0,2.45,
8618,PUDIM COCO PROMOCAO,8618,KG,0,13.95,
8619,BOLO AMEIXA PROMOCAO,8619,KG,0,13.5,
8701,TORTA FRANGO PROMOCAO,8701,KG,0,15.45,
8702,TORTA 4Q TOM SECO PROMOCAO,8702,KG,0,15.45,
8703,TORTA PALMITO PROMOCAO,8703,KG,0,15.45,
8707,TORTA FRANGO INT PROMOCAO,8707,KG,0,15.45,
8708,QUICHE INT RIC BROC PROMOCAO,8708,KG,0,15.45,
8710,TORTA FRANGO PALM PROMOCAO,8710,KG,0,15.45,
8711,QUICHE RIC ESP PROMOCAO,8711,KG,0,15.45,
9001,LOMBO SUINO SAUDALI 20KG,9001,KG,0,0,2032900
9002,"COMPOSTO LACTEO COM MALTODEXTRINA FONTES DE VITAMINAS A,C,D E FERRO FONTE DE CALCIO PURELAC 10X1",9002,KG,0,0,19019090
10030,PORCAO PANQUECA,10030,UN,0,12,
10069,PORCAO ESCONDIDINHO,10069,UN,0,12,
10302,PORCAO MASSA COM MOLHO,10302,UN,0,12,
10458,PORCAO NHOQUE COM MOLHO,10458,UN,0,10,
10870,PELMENI CARNE TOMATE CONFIT,10870,KG,1,31.9,
21111,MOLHO SUGO 200ML,21111,UN,0,0,
21222,MOLHO SUGO 300ML,21222,UN,0,0,
21333,MOLHO SUGO 500ML,21333,UN,0,0,
22111,MOLHO BOLONHESA 200ML,22111,UN,0,0,
22222,MOLHO BOLONHESA 300ML,22222,UN,0,0,
22333,MOLHO BOLONHESA 500ML,22333,UN,0,0,
23111,MOLHO BRANCO 200ML,23111,UN,0,0,
23222,MOLHO BRANCO 300ML,23222,UN,0,0,
23333,MOLHO BRANCO 500ML,23333,UN,0,0,
24111,MOLHO GORGONZOLA 200ML,24111,UN,0,0,
24222,MOLHO GORGONZOLA 300ML,24222,UN,0,0,
24333,MOLHO GORGONZOLA 500ML,24333,UN,0,0,
25111,MOLHO PESTO 200ML,25111,UN,0,0,
25776,ARCOR GELATINAS TORTUGUITA,7.79E+17,UN,0,2.99,
26111,MOLHO POMODORO 200ML,26111,UN,0,0,
26222,MOLHO POMODORO 300ML,26222,UN,0,0,
26333,MOLHO POMODORO 500ML,26333,UN,0,0,
47111,MOLHO TRES QUEIJOS 200ML,47111,UN,0,0,
47222,MOLHO TRES QUEIJOS 300ML,47222,UN,0,0,
47333,MOLHO TRES QUEIJOS 500ML,47333,UN,0,0,
70111,TORTA DE FRANGO PEQUENA,70111,UN,0,0,
70122,TORTA DE FRANGO MEDIA,70122,UN,0,0,
70133,TORTA DE FRANGO GRANDE,70133,UN,0,0,
70211,TORTA QUATRO QUEIJOS PEQUENA,70211,UN,0,0,
70222,TORTA QUATRO QUEIJOS MEDIA,70222,UN,0,0,
70233,TORTA QUATRO QUEIJOS GRANDE,70233,UN,0,0,
70311,TORTA PALMITO PEQUENA,70311,UN,0,0,
70322,TORTA PALMITO MEDIA,70322,UN,0,0,
70333,TORTA PALMITO GRANDE,70333,UN,0,0,
70411,TORTA CAMARAO PEQUENA,70411,UN,0,0,
70422,TORTA CAMARAO MEDIA,70422,UN,0,0,
70433,TORTA CAMARAO GRANDE,70433,UN,0,0,
70511,TORTA BACALHAU PEQUENA,70511,UN,0,0,
70522,TORTA BACALHAU MEDIA,70522,UN,0,0,
70533,TORTA BACALHAU GRANDE,70533,UN,0,0,
70611,TORTA INTEGRAL PALMITO PEQUENA,70611,UN,0,0,
70622,TORTA INTEGRAL PALMITO MEDIA,70622,UN,0,0,
70633,TORTA INTEGRAL PALMITO GRANDE,70633,UN,0,0,
70711,TORTA INTEGRAL FRANGO PEQUENA,70711,UN,0,0,
70722,TORTA INTEGRAL FRANGO MEDIA,70722,UN,0,0,
70733,TORTA INTEGRAL FRANGO GRANDE,70733,UN,0,0,
70811,TORTA INTEGRAL BROCOLIS PEQUENA,70811,UN,0,0,
70822,TORTA INTEGRAL BROCOLIS MEDIA,70822,UN,0,0,
70833,TORTA INTEGRAL BROCOLIS GRANDE,70833,UN,0,0,
71111,TORTA FRIOS PEQUENA,71111,UN,0,0,
71122,TORTA FRIOS MEDIA,71122,UN,0,0,
71133,TORTA FRIOS GRANDE,71133,UN,0,0,
81111,MOLHO PARISIENSE 200ML,81111,UN,0,0,
81222,MOLHO PARISIENSE 300ML,81222,UN,0,0,
81333,MOLHO PARISIENSE 500ML,81333,UN,0,0,
90000,LASANHA PIREX,90000,UN,0,0,
90001,ETIQUETA 60 X 90,90001,UN,0,0,20029090